<?xml version="1.0" encoding="Windows-1252"?>
<!DOCTYPE POWERMART SYSTEM "powrmart.dtd">
<POWERMART CREATION_DATE="11/13/2024 04:49:19" REPOSITORY_VERSION="187.96">
<REPOSITORY NAME="INFA_DEV_REP" VERSION="187" CODEPAGE="MS1252" DATABASETYPE="Microsoft SQL Server">
<FOLDER NAME="DEV_PRACTICE" GROUP="" OWNER="Administrator" SHARED="NOTSHARED" DESCRIPTION="" PERMISSIONS="rwx---r--" UUID="0aa9f3aa-4ace-4461-a3b1-161b8654cb54">
    <SOURCE BUSINESSNAME ="" DATABASETYPE ="Flat File" DBDNAME ="FlatFile" DESCRIPTION ="" NAME ="mg_id_1021" OBJECTVERSION ="1" OWNERNAME ="" VERSIONNUMBER ="1">
        <FLATFILE CODEPAGE ="MS1252" CONSECDELIMITERSASONE ="NO" DELIMITED ="YES" DELIMITERS ="|" ESCAPE_CHARACTER ="" KEEPESCAPECHAR ="NO" LINESEQUENTIAL ="NO" MULTIDELIMITERSASAND ="NO" NULLCHARTYPE ="ASCII" NULL_CHARACTER ="*" PADBYTES ="1" QUOTE_CHARACTER ="DOUBLE" REPEATABLE ="NO" ROWDELIMITER ="10" SHIFTSENSITIVEDATA ="NO" SKIPROWS ="0" STRIPTRAILINGBLANKS ="NO"/>
        <TABLEATTRIBUTE NAME ="Base Table Name" VALUE =""/>
        <TABLEATTRIBUTE NAME ="Search Specification" VALUE =""/>
        <TABLEATTRIBUTE NAME ="Sort Specification" VALUE =""/>
        <TABLEATTRIBUTE NAME ="Datetime Format" VALUE ="A  19 mm/dd/yyyy hh24:mi:ss"/>
        <TABLEATTRIBUTE NAME ="Thousand Separator" VALUE ="None"/>
        <TABLEATTRIBUTE NAME ="Decimal Separator" VALUE ="."/>
        <TABLEATTRIBUTE NAME ="Add Currently Processed Flat File Name Port" VALUE ="NO"/>
        <TABLEATTRIBUTE NAME ="Source TimeStamp" VALUE =""/>
        <SOURCEFIELD BUSINESSNAME ="" DATATYPE ="number" DESCRIPTION ="" FIELDNUMBER ="1" FIELDPROPERTY ="0" FIELDTYPE ="ELEMITEM" HIDDEN ="NO" KEYTYPE ="NOT A KEY" LENGTH ="12" LEVEL ="0" NAME ="employee_id" NULLABLE ="NULL" OCCURS ="0" OFFSET ="0" PHYSICALLENGTH ="12" PHYSICALOFFSET ="0" PICTURETEXT ="" PRECISION ="12" SCALE ="0" USAGE_FLAGS =""/>
        <SOURCEFIELD BUSINESSNAME ="" DATATYPE ="string" DESCRIPTION ="" FIELDNUMBER ="2" FIELDPROPERTY ="0" FIELDTYPE ="ELEMITEM" HIDDEN ="NO" KEYTYPE ="NOT A KEY" LENGTH ="10" LEVEL ="0" NAME ="first_name" NULLABLE ="NULL" OCCURS ="0" OFFSET ="12" PHYSICALLENGTH ="10" PHYSICALOFFSET ="12" PICTURETEXT ="" PRECISION ="10" SCALE ="0" USAGE_FLAGS =""/>
        <SOURCEFIELD BUSINESSNAME ="" DATATYPE ="string" DESCRIPTION ="" FIELDNUMBER ="3" FIELDPROPERTY ="0" FIELDTYPE ="ELEMITEM" HIDDEN ="NO" KEYTYPE ="NOT A KEY" LENGTH ="9" LEVEL ="0" NAME ="last_name" NULLABLE ="NULL" OCCURS ="0" OFFSET ="22" PHYSICALLENGTH ="9" PHYSICALOFFSET ="22" PICTURETEXT ="" PRECISION ="9" SCALE ="0" USAGE_FLAGS =""/>
        <SOURCEFIELD BUSINESSNAME ="" DATATYPE ="string" DESCRIPTION ="" FIELDNUMBER ="4" FIELDPROPERTY ="0" FIELDTYPE ="ELEMITEM" HIDDEN ="NO" KEYTYPE ="NOT A KEY" LENGTH ="31" LEVEL ="0" NAME ="email" NULLABLE ="NULL" OCCURS ="0" OFFSET ="31" PHYSICALLENGTH ="31" PHYSICALOFFSET ="31" PICTURETEXT ="" PRECISION ="31" SCALE ="0" USAGE_FLAGS =""/>
        <SOURCEFIELD BUSINESSNAME ="" DATATYPE ="number" DESCRIPTION ="" FIELDNUMBER ="5" FIELDPROPERTY ="0" FIELDTYPE ="ELEMITEM" HIDDEN ="NO" KEYTYPE ="NOT A KEY" LENGTH ="12" LEVEL ="0" NAME ="phone_number" NULLABLE ="NULL" OCCURS ="0" OFFSET ="62" PHYSICALLENGTH ="12" PHYSICALOFFSET ="62" PICTURETEXT ="" PRECISION ="12" SCALE ="0" USAGE_FLAGS =""/>
        <SOURCEFIELD BUSINESSNAME ="" DATATYPE ="string" DESCRIPTION ="" FIELDNUMBER ="6" FIELDPROPERTY ="0" FIELDTYPE ="ELEMITEM" HIDDEN ="NO" KEYTYPE ="NOT A KEY" LENGTH ="10" LEVEL ="0" NAME ="hire_date" NULLABLE ="NULL" OCCURS ="0" OFFSET ="74" PHYSICALLENGTH ="10" PHYSICALOFFSET ="74" PICTURETEXT ="" PRECISION ="10" SCALE ="0" USAGE_FLAGS =""/>
        <SOURCEFIELD BUSINESSNAME ="" DATATYPE ="number" DESCRIPTION ="" FIELDNUMBER ="7" FIELDPROPERTY ="0" FIELDTYPE ="ELEMITEM" HIDDEN ="NO" KEYTYPE ="NOT A KEY" LENGTH ="6" LEVEL ="0" NAME ="job_id" NULLABLE ="NULL" OCCURS ="0" OFFSET ="84" PHYSICALLENGTH ="6" PHYSICALOFFSET ="84" PICTURETEXT ="" PRECISION ="6" SCALE ="0" USAGE_FLAGS =""/>
        <SOURCEFIELD BUSINESSNAME ="" DATATYPE ="number" DESCRIPTION ="" FIELDNUMBER ="8" FIELDPROPERTY ="0" FIELDTYPE ="ELEMITEM" HIDDEN ="NO" KEYTYPE ="NOT A KEY" LENGTH ="7" LEVEL ="0" NAME ="salary" NULLABLE ="NULL" OCCURS ="0" OFFSET ="90" PHYSICALLENGTH ="7" PHYSICALOFFSET ="90" PICTURETEXT ="" PRECISION ="7" SCALE ="0" USAGE_FLAGS =""/>
        <SOURCEFIELD BUSINESSNAME ="" DATATYPE ="number" DESCRIPTION ="" FIELDNUMBER ="9" FIELDPROPERTY ="0" FIELDTYPE ="ELEMITEM" HIDDEN ="NO" KEYTYPE ="NOT A KEY" LENGTH ="10" LEVEL ="0" NAME ="manager_id" NULLABLE ="NULL" OCCURS ="0" OFFSET ="97" PHYSICALLENGTH ="10" PHYSICALOFFSET ="97" PICTURETEXT ="" PRECISION ="10" SCALE ="0" USAGE_FLAGS =""/>
        <SOURCEFIELD BUSINESSNAME ="" DATATYPE ="number" DESCRIPTION ="" FIELDNUMBER ="10" FIELDPROPERTY ="0" FIELDTYPE ="ELEMITEM" HIDDEN ="NO" KEYTYPE ="NOT A KEY" LENGTH ="13" LEVEL ="0" NAME ="department_id" NULLABLE ="NULL" OCCURS ="0" OFFSET ="107" PHYSICALLENGTH ="13" PHYSICALOFFSET ="107" PICTURETEXT ="" PRECISION ="13" SCALE ="0" USAGE_FLAGS =""/>
    </SOURCE>
    <SOURCE BUSINESSNAME ="" DATABASETYPE ="Flat File" DBDNAME ="FlatFile" DESCRIPTION ="" NAME ="mg_id_103" OBJECTVERSION ="1" OWNERNAME ="" VERSIONNUMBER ="1">
        <FLATFILE CODEPAGE ="MS1252" CONSECDELIMITERSASONE ="NO" DELIMITED ="YES" DELIMITERS ="|" ESCAPE_CHARACTER ="" KEEPESCAPECHAR ="NO" LINESEQUENTIAL ="NO" MULTIDELIMITERSASAND ="NO" NULLCHARTYPE ="ASCII" NULL_CHARACTER ="*" PADBYTES ="1" QUOTE_CHARACTER ="DOUBLE" REPEATABLE ="NO" ROWDELIMITER ="0" SHIFTSENSITIVEDATA ="NO" SKIPROWS ="0" STRIPTRAILINGBLANKS ="NO"/>
        <TABLEATTRIBUTE NAME ="Base Table Name" VALUE =""/>
        <TABLEATTRIBUTE NAME ="Search Specification" VALUE =""/>
        <TABLEATTRIBUTE NAME ="Sort Specification" VALUE =""/>
        <TABLEATTRIBUTE NAME ="Datetime Format" VALUE ="A  19 mm/dd/yyyy hh24:mi:ss"/>
        <TABLEATTRIBUTE NAME ="Thousand Separator" VALUE ="None"/>
        <TABLEATTRIBUTE NAME ="Decimal Separator" VALUE ="."/>
        <TABLEATTRIBUTE NAME ="Add Currently Processed Flat File Name Port" VALUE ="NO"/>
        <TABLEATTRIBUTE NAME ="Source TimeStamp" VALUE =""/>
        <SOURCEFIELD BUSINESSNAME ="" DATATYPE ="number" DESCRIPTION ="" FIELDNUMBER ="1" FIELDPROPERTY ="0" FIELDTYPE ="ELEMITEM" HIDDEN ="NO" KEYTYPE ="NOT A KEY" LENGTH ="12" LEVEL ="0" NAME ="employee_id" NULLABLE ="NULL" OCCURS ="0" OFFSET ="0" PHYSICALLENGTH ="12" PHYSICALOFFSET ="0" PICTURETEXT ="" PRECISION ="12" SCALE ="0" USAGE_FLAGS =""/>
        <SOURCEFIELD BUSINESSNAME ="" DATATYPE ="string" DESCRIPTION ="" FIELDNUMBER ="2" FIELDPROPERTY ="0" FIELDTYPE ="ELEMITEM" HIDDEN ="NO" KEYTYPE ="NOT A KEY" LENGTH ="10" LEVEL ="0" NAME ="first_name" NULLABLE ="NULL" OCCURS ="0" OFFSET ="12" PHYSICALLENGTH ="10" PHYSICALOFFSET ="12" PICTURETEXT ="" PRECISION ="10" SCALE ="0" USAGE_FLAGS =""/>
        <SOURCEFIELD BUSINESSNAME ="" DATATYPE ="string" DESCRIPTION ="" FIELDNUMBER ="3" FIELDPROPERTY ="0" FIELDTYPE ="ELEMITEM" HIDDEN ="NO" KEYTYPE ="NOT A KEY" LENGTH ="9" LEVEL ="0" NAME ="last_name" NULLABLE ="NULL" OCCURS ="0" OFFSET ="22" PHYSICALLENGTH ="9" PHYSICALOFFSET ="22" PICTURETEXT ="" PRECISION ="9" SCALE ="0" USAGE_FLAGS =""/>
        <SOURCEFIELD BUSINESSNAME ="" DATATYPE ="string" DESCRIPTION ="" FIELDNUMBER ="4" FIELDPROPERTY ="0" FIELDTYPE ="ELEMITEM" HIDDEN ="NO" KEYTYPE ="NOT A KEY" LENGTH ="31" LEVEL ="0" NAME ="email" NULLABLE ="NULL" OCCURS ="0" OFFSET ="31" PHYSICALLENGTH ="31" PHYSICALOFFSET ="31" PICTURETEXT ="" PRECISION ="31" SCALE ="0" USAGE_FLAGS =""/>
        <SOURCEFIELD BUSINESSNAME ="" DATATYPE ="number" DESCRIPTION ="" FIELDNUMBER ="5" FIELDPROPERTY ="0" FIELDTYPE ="ELEMITEM" HIDDEN ="NO" KEYTYPE ="NOT A KEY" LENGTH ="12" LEVEL ="0" NAME ="phone_number" NULLABLE ="NULL" OCCURS ="0" OFFSET ="62" PHYSICALLENGTH ="12" PHYSICALOFFSET ="62" PICTURETEXT ="" PRECISION ="12" SCALE ="0" USAGE_FLAGS =""/>
        <SOURCEFIELD BUSINESSNAME ="" DATATYPE ="string" DESCRIPTION ="" FIELDNUMBER ="6" FIELDPROPERTY ="0" FIELDTYPE ="ELEMITEM" HIDDEN ="NO" KEYTYPE ="NOT A KEY" LENGTH ="10" LEVEL ="0" NAME ="hire_date" NULLABLE ="NULL" OCCURS ="0" OFFSET ="74" PHYSICALLENGTH ="10" PHYSICALOFFSET ="74" PICTURETEXT ="" PRECISION ="10" SCALE ="0" USAGE_FLAGS =""/>
        <SOURCEFIELD BUSINESSNAME ="" DATATYPE ="number" DESCRIPTION ="" FIELDNUMBER ="7" FIELDPROPERTY ="0" FIELDTYPE ="ELEMITEM" HIDDEN ="NO" KEYTYPE ="NOT A KEY" LENGTH ="6" LEVEL ="0" NAME ="job_id" NULLABLE ="NULL" OCCURS ="0" OFFSET ="84" PHYSICALLENGTH ="6" PHYSICALOFFSET ="84" PICTURETEXT ="" PRECISION ="6" SCALE ="0" USAGE_FLAGS =""/>
        <SOURCEFIELD BUSINESSNAME ="" DATATYPE ="number" DESCRIPTION ="" FIELDNUMBER ="8" FIELDPROPERTY ="0" FIELDTYPE ="ELEMITEM" HIDDEN ="NO" KEYTYPE ="NOT A KEY" LENGTH ="7" LEVEL ="0" NAME ="salary" NULLABLE ="NULL" OCCURS ="0" OFFSET ="90" PHYSICALLENGTH ="7" PHYSICALOFFSET ="90" PICTURETEXT ="" PRECISION ="7" SCALE ="0" USAGE_FLAGS =""/>
        <SOURCEFIELD BUSINESSNAME ="" DATATYPE ="number" DESCRIPTION ="" FIELDNUMBER ="9" FIELDPROPERTY ="0" FIELDTYPE ="ELEMITEM" HIDDEN ="NO" KEYTYPE ="NOT A KEY" LENGTH ="10" LEVEL ="0" NAME ="manager_id" NULLABLE ="NULL" OCCURS ="0" OFFSET ="97" PHYSICALLENGTH ="10" PHYSICALOFFSET ="97" PICTURETEXT ="" PRECISION ="10" SCALE ="0" USAGE_FLAGS =""/>
        <SOURCEFIELD BUSINESSNAME ="" DATATYPE ="number" DESCRIPTION ="" FIELDNUMBER ="10" FIELDPROPERTY ="0" FIELDTYPE ="ELEMITEM" HIDDEN ="NO" KEYTYPE ="NOT A KEY" LENGTH ="13" LEVEL ="0" NAME ="department_id" NULLABLE ="NULL" OCCURS ="0" OFFSET ="107" PHYSICALLENGTH ="13" PHYSICALOFFSET ="107" PICTURETEXT ="" PRECISION ="13" SCALE ="0" USAGE_FLAGS =""/>
    </SOURCE>
    <SOURCE BUSINESSNAME ="" DATABASETYPE ="Flat File" DBDNAME ="FlatFile" DESCRIPTION ="" NAME ="mg_id_101" OBJECTVERSION ="1" OWNERNAME ="" VERSIONNUMBER ="1">
        <FLATFILE CODEPAGE ="MS1252" CONSECDELIMITERSASONE ="NO" DELIMITED ="YES" DELIMITERS ="|" ESCAPE_CHARACTER ="" KEEPESCAPECHAR ="NO" LINESEQUENTIAL ="NO" MULTIDELIMITERSASAND ="NO" NULLCHARTYPE ="ASCII" NULL_CHARACTER ="*" PADBYTES ="1" QUOTE_CHARACTER ="DOUBLE" REPEATABLE ="NO" ROWDELIMITER ="0" SHIFTSENSITIVEDATA ="NO" SKIPROWS ="0" STRIPTRAILINGBLANKS ="NO"/>
        <TABLEATTRIBUTE NAME ="Base Table Name" VALUE =""/>
        <TABLEATTRIBUTE NAME ="Search Specification" VALUE =""/>
        <TABLEATTRIBUTE NAME ="Sort Specification" VALUE =""/>
        <TABLEATTRIBUTE NAME ="Datetime Format" VALUE ="A  19 mm/dd/yyyy hh24:mi:ss"/>
        <TABLEATTRIBUTE NAME ="Thousand Separator" VALUE ="None"/>
        <TABLEATTRIBUTE NAME ="Decimal Separator" VALUE ="."/>
        <TABLEATTRIBUTE NAME ="Add Currently Processed Flat File Name Port" VALUE ="NO"/>
        <TABLEATTRIBUTE NAME ="Source TimeStamp" VALUE =""/>
        <SOURCEFIELD BUSINESSNAME ="" DATATYPE ="number" DESCRIPTION ="" FIELDNUMBER ="1" FIELDPROPERTY ="0" FIELDTYPE ="ELEMITEM" HIDDEN ="NO" KEYTYPE ="NOT A KEY" LENGTH ="12" LEVEL ="0" NAME ="employee_id" NULLABLE ="NULL" OCCURS ="0" OFFSET ="0" PHYSICALLENGTH ="12" PHYSICALOFFSET ="0" PICTURETEXT ="" PRECISION ="12" SCALE ="0" USAGE_FLAGS =""/>
        <SOURCEFIELD BUSINESSNAME ="" DATATYPE ="string" DESCRIPTION ="" FIELDNUMBER ="2" FIELDPROPERTY ="0" FIELDTYPE ="ELEMITEM" HIDDEN ="NO" KEYTYPE ="NOT A KEY" LENGTH ="10" LEVEL ="0" NAME ="first_name" NULLABLE ="NULL" OCCURS ="0" OFFSET ="12" PHYSICALLENGTH ="10" PHYSICALOFFSET ="12" PICTURETEXT ="" PRECISION ="10" SCALE ="0" USAGE_FLAGS =""/>
        <SOURCEFIELD BUSINESSNAME ="" DATATYPE ="string" DESCRIPTION ="" FIELDNUMBER ="3" FIELDPROPERTY ="0" FIELDTYPE ="ELEMITEM" HIDDEN ="NO" KEYTYPE ="NOT A KEY" LENGTH ="9" LEVEL ="0" NAME ="last_name" NULLABLE ="NULL" OCCURS ="0" OFFSET ="22" PHYSICALLENGTH ="9" PHYSICALOFFSET ="22" PICTURETEXT ="" PRECISION ="9" SCALE ="0" USAGE_FLAGS =""/>
        <SOURCEFIELD BUSINESSNAME ="" DATATYPE ="string" DESCRIPTION ="" FIELDNUMBER ="4" FIELDPROPERTY ="0" FIELDTYPE ="ELEMITEM" HIDDEN ="NO" KEYTYPE ="NOT A KEY" LENGTH ="31" LEVEL ="0" NAME ="email" NULLABLE ="NULL" OCCURS ="0" OFFSET ="31" PHYSICALLENGTH ="31" PHYSICALOFFSET ="31" PICTURETEXT ="" PRECISION ="31" SCALE ="0" USAGE_FLAGS =""/>
        <SOURCEFIELD BUSINESSNAME ="" DATATYPE ="number" DESCRIPTION ="" FIELDNUMBER ="5" FIELDPROPERTY ="0" FIELDTYPE ="ELEMITEM" HIDDEN ="NO" KEYTYPE ="NOT A KEY" LENGTH ="12" LEVEL ="0" NAME ="phone_number" NULLABLE ="NULL" OCCURS ="0" OFFSET ="62" PHYSICALLENGTH ="12" PHYSICALOFFSET ="62" PICTURETEXT ="" PRECISION ="12" SCALE ="0" USAGE_FLAGS =""/>
        <SOURCEFIELD BUSINESSNAME ="" DATATYPE ="string" DESCRIPTION ="" FIELDNUMBER ="6" FIELDPROPERTY ="0" FIELDTYPE ="ELEMITEM" HIDDEN ="NO" KEYTYPE ="NOT A KEY" LENGTH ="10" LEVEL ="0" NAME ="hire_date" NULLABLE ="NULL" OCCURS ="0" OFFSET ="74" PHYSICALLENGTH ="10" PHYSICALOFFSET ="74" PICTURETEXT ="" PRECISION ="10" SCALE ="0" USAGE_FLAGS =""/>
        <SOURCEFIELD BUSINESSNAME ="" DATATYPE ="number" DESCRIPTION ="" FIELDNUMBER ="7" FIELDPROPERTY ="0" FIELDTYPE ="ELEMITEM" HIDDEN ="NO" KEYTYPE ="NOT A KEY" LENGTH ="6" LEVEL ="0" NAME ="job_id" NULLABLE ="NULL" OCCURS ="0" OFFSET ="84" PHYSICALLENGTH ="6" PHYSICALOFFSET ="84" PICTURETEXT ="" PRECISION ="6" SCALE ="0" USAGE_FLAGS =""/>
        <SOURCEFIELD BUSINESSNAME ="" DATATYPE ="number" DESCRIPTION ="" FIELDNUMBER ="8" FIELDPROPERTY ="0" FIELDTYPE ="ELEMITEM" HIDDEN ="NO" KEYTYPE ="NOT A KEY" LENGTH ="8" LEVEL ="0" NAME ="salary" NULLABLE ="NULL" OCCURS ="0" OFFSET ="90" PHYSICALLENGTH ="8" PHYSICALOFFSET ="90" PICTURETEXT ="" PRECISION ="8" SCALE ="0" USAGE_FLAGS =""/>
        <SOURCEFIELD BUSINESSNAME ="" DATATYPE ="number" DESCRIPTION ="" FIELDNUMBER ="9" FIELDPROPERTY ="0" FIELDTYPE ="ELEMITEM" HIDDEN ="NO" KEYTYPE ="NOT A KEY" LENGTH ="10" LEVEL ="0" NAME ="manager_id" NULLABLE ="NULL" OCCURS ="0" OFFSET ="98" PHYSICALLENGTH ="10" PHYSICALOFFSET ="98" PICTURETEXT ="" PRECISION ="10" SCALE ="0" USAGE_FLAGS =""/>
        <SOURCEFIELD BUSINESSNAME ="" DATATYPE ="number" DESCRIPTION ="" FIELDNUMBER ="10" FIELDPROPERTY ="0" FIELDTYPE ="ELEMITEM" HIDDEN ="NO" KEYTYPE ="NOT A KEY" LENGTH ="13" LEVEL ="0" NAME ="department_id" NULLABLE ="NULL" OCCURS ="0" OFFSET ="108" PHYSICALLENGTH ="13" PHYSICALOFFSET ="108" PICTURETEXT ="" PRECISION ="13" SCALE ="0" USAGE_FLAGS =""/>
    </SOURCE>
    <TARGET BUSINESSNAME ="" CONSTRAINT ="" DATABASETYPE ="Flat File" DESCRIPTION ="" NAME ="all_managers" OBJECTVERSION ="1" TABLEOPTIONS ="" VERSIONNUMBER ="1">
        <FLATFILE CODEPAGE ="MS1252" CONSECDELIMITERSASONE ="NO" DELIMITED ="YES" DELIMITERS ="," ESCAPE_CHARACTER ="" KEEPESCAPECHAR ="NO" LINESEQUENTIAL ="NO" MULTIDELIMITERSASAND ="NO" NULLCHARTYPE ="ASCII" NULL_CHARACTER ="*" PADBYTES ="1" QUOTE_CHARACTER ="NONE" REPEATABLE ="NO" ROWDELIMITER ="0" SKIPROWS ="0" STRIPTRAILINGBLANKS ="NO"/>
        <TARGETFIELD BUSINESSNAME ="" DATATYPE ="number" DESCRIPTION ="" FIELDNUMBER ="1" KEYTYPE ="PRIMARY KEY" NAME ="employee_id" NULLABLE ="NOTNULL" PICTURETEXT ="" PRECISION ="12" SCALE ="0"/>
        <TARGETFIELD BUSINESSNAME ="" DATATYPE ="string" DESCRIPTION ="" FIELDNUMBER ="2" KEYTYPE ="NOT A KEY" NAME ="first_name" NULLABLE ="NULL" PICTURETEXT ="" PRECISION ="10" SCALE ="0"/>
        <TARGETFIELD BUSINESSNAME ="" DATATYPE ="string" DESCRIPTION ="" FIELDNUMBER ="3" KEYTYPE ="NOT A KEY" NAME ="last_name" NULLABLE ="NULL" PICTURETEXT ="" PRECISION ="9" SCALE ="0"/>
        <TARGETFIELD BUSINESSNAME ="" DATATYPE ="string" DESCRIPTION ="" FIELDNUMBER ="4" KEYTYPE ="NOT A KEY" NAME ="email" NULLABLE ="NULL" PICTURETEXT ="" PRECISION ="31" SCALE ="0"/>
        <TARGETFIELD BUSINESSNAME ="" DATATYPE ="number" DESCRIPTION ="" FIELDNUMBER ="5" KEYTYPE ="NOT A KEY" NAME ="phone_number" NULLABLE ="NULL" PICTURETEXT ="" PRECISION ="12" SCALE ="0"/>
        <TARGETFIELD BUSINESSNAME ="" DATATYPE ="string" DESCRIPTION ="" FIELDNUMBER ="6" KEYTYPE ="NOT A KEY" NAME ="hire_date" NULLABLE ="NULL" PICTURETEXT ="" PRECISION ="10" SCALE ="0"/>
        <TARGETFIELD BUSINESSNAME ="" DATATYPE ="number" DESCRIPTION ="" FIELDNUMBER ="7" KEYTYPE ="NOT A KEY" NAME ="job_id" NULLABLE ="NULL" PICTURETEXT ="" PRECISION ="6" SCALE ="0"/>
        <TARGETFIELD BUSINESSNAME ="" DATATYPE ="number" DESCRIPTION ="" FIELDNUMBER ="8" KEYTYPE ="NOT A KEY" NAME ="salary" NULLABLE ="NULL" PICTURETEXT ="" PRECISION ="7" SCALE ="0"/>
        <TARGETFIELD BUSINESSNAME ="" DATATYPE ="number" DESCRIPTION ="" FIELDNUMBER ="9" KEYTYPE ="NOT A KEY" NAME ="manager_id" NULLABLE ="NULL" PICTURETEXT ="" PRECISION ="10" SCALE ="0"/>
        <TARGETFIELD BUSINESSNAME ="" DATATYPE ="number" DESCRIPTION ="" FIELDNUMBER ="10" KEYTYPE ="NOT A KEY" NAME ="department_id" NULLABLE ="NULL" PICTURETEXT ="" PRECISION ="13" SCALE ="0"/>
        <TABLEATTRIBUTE NAME ="Datetime Format" VALUE ="A  19 mm/dd/yyyy hh24:mi:ss"/>
        <TABLEATTRIBUTE NAME ="Thousand Separator" VALUE ="None"/>
        <TABLEATTRIBUTE NAME ="Decimal Separator" VALUE ="."/>
        <TABLEATTRIBUTE NAME ="Line Endings" VALUE ="System default"/>
    </TARGET>
    <MAPPING DESCRIPTION ="" ISVALID ="YES" NAME ="m_all_managers_2" OBJECTVERSION ="1" VERSIONNUMBER ="1">
        <TRANSFORMATION DESCRIPTION ="" NAME ="SQ_mg_id_101" OBJECTVERSION ="1" REUSABLE ="NO" TYPE ="Source Qualifier" VERSIONNUMBER ="1">
            <TRANSFORMFIELD DATATYPE ="decimal" DEFAULTVALUE ="" DESCRIPTION ="" NAME ="employee_id" PICTURETEXT ="" PORTTYPE ="INPUT/OUTPUT" PRECISION ="12" SCALE ="0"/>
            <TRANSFORMFIELD DATATYPE ="string" DEFAULTVALUE ="" DESCRIPTION ="" NAME ="first_name" PICTURETEXT ="" PORTTYPE ="INPUT/OUTPUT" PRECISION ="10" SCALE ="0"/>
            <TRANSFORMFIELD DATATYPE ="string" DEFAULTVALUE ="" DESCRIPTION ="" NAME ="last_name" PICTURETEXT ="" PORTTYPE ="INPUT/OUTPUT" PRECISION ="9" SCALE ="0"/>
            <TRANSFORMFIELD DATATYPE ="string" DEFAULTVALUE ="" DESCRIPTION ="" NAME ="email" PICTURETEXT ="" PORTTYPE ="INPUT/OUTPUT" PRECISION ="31" SCALE ="0"/>
            <TRANSFORMFIELD DATATYPE ="decimal" DEFAULTVALUE ="" DESCRIPTION ="" NAME ="phone_number" PICTURETEXT ="" PORTTYPE ="INPUT/OUTPUT" PRECISION ="12" SCALE ="0"/>
            <TRANSFORMFIELD DATATYPE ="string" DEFAULTVALUE ="" DESCRIPTION ="" NAME ="hire_date" PICTURETEXT ="" PORTTYPE ="INPUT/OUTPUT" PRECISION ="10" SCALE ="0"/>
            <TRANSFORMFIELD DATATYPE ="decimal" DEFAULTVALUE ="" DESCRIPTION ="" NAME ="job_id" PICTURETEXT ="" PORTTYPE ="INPUT/OUTPUT" PRECISION ="6" SCALE ="0"/>
            <TRANSFORMFIELD DATATYPE ="decimal" DEFAULTVALUE ="" DESCRIPTION ="" NAME ="salary" PICTURETEXT ="" PORTTYPE ="INPUT/OUTPUT" PRECISION ="8" SCALE ="0"/>
            <TRANSFORMFIELD DATATYPE ="decimal" DEFAULTVALUE ="" DESCRIPTION ="" NAME ="manager_id" PICTURETEXT ="" PORTTYPE ="INPUT/OUTPUT" PRECISION ="10" SCALE ="0"/>
            <TRANSFORMFIELD DATATYPE ="decimal" DEFAULTVALUE ="" DESCRIPTION ="" NAME ="department_id" PICTURETEXT ="" PORTTYPE ="INPUT/OUTPUT" PRECISION ="13" SCALE ="0"/>
            <TABLEATTRIBUTE NAME ="Sql Query" VALUE =""/>
            <TABLEATTRIBUTE NAME ="User Defined Join" VALUE =""/>
            <TABLEATTRIBUTE NAME ="Source Filter" VALUE =""/>
            <TABLEATTRIBUTE NAME ="Number Of Sorted Ports" VALUE ="0"/>
            <TABLEATTRIBUTE NAME ="Tracing Level" VALUE ="Normal"/>
            <TABLEATTRIBUTE NAME ="Select Distinct" VALUE ="NO"/>
            <TABLEATTRIBUTE NAME ="Is Partitionable" VALUE ="NO"/>
            <TABLEATTRIBUTE NAME ="Pre SQL" VALUE =""/>
            <TABLEATTRIBUTE NAME ="Post SQL" VALUE =""/>
            <TABLEATTRIBUTE NAME ="Output is deterministic" VALUE ="NO"/>
            <TABLEATTRIBUTE NAME ="Output is repeatable" VALUE ="Never"/>
        </TRANSFORMATION>
        <TRANSFORMATION DESCRIPTION ="" NAME ="SQ_mg_id_103" OBJECTVERSION ="1" REUSABLE ="NO" TYPE ="Source Qualifier" VERSIONNUMBER ="1">
            <TRANSFORMFIELD DATATYPE ="decimal" DEFAULTVALUE ="" DESCRIPTION ="" NAME ="employee_id" PICTURETEXT ="" PORTTYPE ="INPUT/OUTPUT" PRECISION ="12" SCALE ="0"/>
            <TRANSFORMFIELD DATATYPE ="string" DEFAULTVALUE ="" DESCRIPTION ="" NAME ="first_name" PICTURETEXT ="" PORTTYPE ="INPUT/OUTPUT" PRECISION ="10" SCALE ="0"/>
            <TRANSFORMFIELD DATATYPE ="string" DEFAULTVALUE ="" DESCRIPTION ="" NAME ="last_name" PICTURETEXT ="" PORTTYPE ="INPUT/OUTPUT" PRECISION ="9" SCALE ="0"/>
            <TRANSFORMFIELD DATATYPE ="string" DEFAULTVALUE ="" DESCRIPTION ="" NAME ="email" PICTURETEXT ="" PORTTYPE ="INPUT/OUTPUT" PRECISION ="31" SCALE ="0"/>
            <TRANSFORMFIELD DATATYPE ="decimal" DEFAULTVALUE ="" DESCRIPTION ="" NAME ="phone_number" PICTURETEXT ="" PORTTYPE ="INPUT/OUTPUT" PRECISION ="12" SCALE ="0"/>
            <TRANSFORMFIELD DATATYPE ="string" DEFAULTVALUE ="" DESCRIPTION ="" NAME ="hire_date" PICTURETEXT ="" PORTTYPE ="INPUT/OUTPUT" PRECISION ="10" SCALE ="0"/>
            <TRANSFORMFIELD DATATYPE ="decimal" DEFAULTVALUE ="" DESCRIPTION ="" NAME ="job_id" PICTURETEXT ="" PORTTYPE ="INPUT/OUTPUT" PRECISION ="6" SCALE ="0"/>
            <TRANSFORMFIELD DATATYPE ="decimal" DEFAULTVALUE ="" DESCRIPTION ="" NAME ="salary" PICTURETEXT ="" PORTTYPE ="INPUT/OUTPUT" PRECISION ="7" SCALE ="0"/>
            <TRANSFORMFIELD DATATYPE ="decimal" DEFAULTVALUE ="" DESCRIPTION ="" NAME ="manager_id" PICTURETEXT ="" PORTTYPE ="INPUT/OUTPUT" PRECISION ="10" SCALE ="0"/>
            <TRANSFORMFIELD DATATYPE ="decimal" DEFAULTVALUE ="" DESCRIPTION ="" NAME ="department_id" PICTURETEXT ="" PORTTYPE ="INPUT/OUTPUT" PRECISION ="13" SCALE ="0"/>
            <TABLEATTRIBUTE NAME ="Sql Query" VALUE =""/>
            <TABLEATTRIBUTE NAME ="User Defined Join" VALUE =""/>
            <TABLEATTRIBUTE NAME ="Source Filter" VALUE =""/>
            <TABLEATTRIBUTE NAME ="Number Of Sorted Ports" VALUE ="0"/>
            <TABLEATTRIBUTE NAME ="Tracing Level" VALUE ="Normal"/>
            <TABLEATTRIBUTE NAME ="Select Distinct" VALUE ="NO"/>
            <TABLEATTRIBUTE NAME ="Is Partitionable" VALUE ="NO"/>
            <TABLEATTRIBUTE NAME ="Pre SQL" VALUE =""/>
            <TABLEATTRIBUTE NAME ="Post SQL" VALUE =""/>
            <TABLEATTRIBUTE NAME ="Output is deterministic" VALUE ="NO"/>
            <TABLEATTRIBUTE NAME ="Output is repeatable" VALUE ="Never"/>
        </TRANSFORMATION>
        <TRANSFORMATION COMPONENTVERSION ="1000000" DESCRIPTION ="" NAME ="unn_mg" OBJECTVERSION ="1" REUSABLE ="NO" TEMPLATEID ="303001" TEMPLATENAME ="Union Transformation" TYPE ="Custom Transformation" VERSIONNUMBER ="1">
            <GROUP DESCRIPTION ="" NAME ="OUTPUT" ORDER ="1" TYPE ="OUTPUT"/>
            <GROUP DESCRIPTION ="" NAME ="NEWGROUP" ORDER ="2" TYPE ="INPUT"/>
            <GROUP DESCRIPTION ="" NAME ="NEWGROUP1" ORDER ="3" TYPE ="INPUT"/>
            <GROUP DESCRIPTION ="" NAME ="NEWGROUP2" ORDER ="4" TYPE ="INPUT"/>
            <TRANSFORMFIELD DATATYPE ="decimal" DEFAULTVALUE ="" DESCRIPTION ="" GROUP ="OUTPUT" NAME ="employee_id" OUTPUTGROUP ="OUTPUT" PICTURETEXT ="" PORTTYPE ="OUTPUT" PRECISION ="12" SCALE ="0"/>
            <TRANSFORMFIELD DATATYPE ="string" DEFAULTVALUE ="" DESCRIPTION ="" GROUP ="OUTPUT" NAME ="first_name" OUTPUTGROUP ="OUTPUT" PICTURETEXT ="" PORTTYPE ="OUTPUT" PRECISION ="10" SCALE ="0"/>
            <TRANSFORMFIELD DATATYPE ="string" DEFAULTVALUE ="" DESCRIPTION ="" GROUP ="OUTPUT" NAME ="last_name" OUTPUTGROUP ="OUTPUT" PICTURETEXT ="" PORTTYPE ="OUTPUT" PRECISION ="9" SCALE ="0"/>
            <TRANSFORMFIELD DATATYPE ="string" DEFAULTVALUE ="" DESCRIPTION ="" GROUP ="OUTPUT" NAME ="email" OUTPUTGROUP ="OUTPUT" PICTURETEXT ="" PORTTYPE ="OUTPUT" PRECISION ="31" SCALE ="0"/>
            <TRANSFORMFIELD DATATYPE ="decimal" DEFAULTVALUE ="" DESCRIPTION ="" GROUP ="OUTPUT" NAME ="phone_number" OUTPUTGROUP ="OUTPUT" PICTURETEXT ="" PORTTYPE ="OUTPUT" PRECISION ="12" SCALE ="0"/>
            <TRANSFORMFIELD DATATYPE ="string" DEFAULTVALUE ="" DESCRIPTION ="" GROUP ="OUTPUT" NAME ="hire_date" OUTPUTGROUP ="OUTPUT" PICTURETEXT ="" PORTTYPE ="OUTPUT" PRECISION ="10" SCALE ="0"/>
            <TRANSFORMFIELD DATATYPE ="decimal" DEFAULTVALUE ="" DESCRIPTION ="" GROUP ="OUTPUT" NAME ="job_id" OUTPUTGROUP ="OUTPUT" PICTURETEXT ="" PORTTYPE ="OUTPUT" PRECISION ="6" SCALE ="0"/>
            <TRANSFORMFIELD DATATYPE ="decimal" DEFAULTVALUE ="" DESCRIPTION ="" GROUP ="OUTPUT" NAME ="salary" OUTPUTGROUP ="OUTPUT" PICTURETEXT ="" PORTTYPE ="OUTPUT" PRECISION ="8" SCALE ="0"/>
            <TRANSFORMFIELD DATATYPE ="decimal" DEFAULTVALUE ="" DESCRIPTION ="" GROUP ="OUTPUT" NAME ="manager_id" OUTPUTGROUP ="OUTPUT" PICTURETEXT ="" PORTTYPE ="OUTPUT" PRECISION ="10" SCALE ="0"/>
            <TRANSFORMFIELD DATATYPE ="decimal" DEFAULTVALUE ="" DESCRIPTION ="" GROUP ="OUTPUT" NAME ="department_id" OUTPUTGROUP ="OUTPUT" PICTURETEXT ="" PORTTYPE ="OUTPUT" PRECISION ="13" SCALE ="0"/>
            <TRANSFORMFIELD DATATYPE ="decimal" DEFAULTVALUE ="" DESCRIPTION ="" GROUP ="NEWGROUP" NAME ="employee_id1" OUTPUTGROUP ="NEWGROUP" PICTURETEXT ="" PORTTYPE ="INPUT" PRECISION ="12" SCALE ="0"/>
            <TRANSFORMFIELD DATATYPE ="string" DEFAULTVALUE ="" DESCRIPTION ="" GROUP ="NEWGROUP" NAME ="first_name1" OUTPUTGROUP ="NEWGROUP" PICTURETEXT ="" PORTTYPE ="INPUT" PRECISION ="10" SCALE ="0"/>
            <TRANSFORMFIELD DATATYPE ="string" DEFAULTVALUE ="" DESCRIPTION ="" GROUP ="NEWGROUP" NAME ="last_name1" OUTPUTGROUP ="NEWGROUP" PICTURETEXT ="" PORTTYPE ="INPUT" PRECISION ="9" SCALE ="0"/>
            <TRANSFORMFIELD DATATYPE ="string" DEFAULTVALUE ="" DESCRIPTION ="" GROUP ="NEWGROUP" NAME ="email1" OUTPUTGROUP ="NEWGROUP" PICTURETEXT ="" PORTTYPE ="INPUT" PRECISION ="31" SCALE ="0"/>
            <TRANSFORMFIELD DATATYPE ="decimal" DEFAULTVALUE ="" DESCRIPTION ="" GROUP ="NEWGROUP" NAME ="phone_number1" OUTPUTGROUP ="NEWGROUP" PICTURETEXT ="" PORTTYPE ="INPUT" PRECISION ="12" SCALE ="0"/>
            <TRANSFORMFIELD DATATYPE ="string" DEFAULTVALUE ="" DESCRIPTION ="" GROUP ="NEWGROUP" NAME ="hire_date1" OUTPUTGROUP ="NEWGROUP" PICTURETEXT ="" PORTTYPE ="INPUT" PRECISION ="10" SCALE ="0"/>
            <TRANSFORMFIELD DATATYPE ="decimal" DEFAULTVALUE ="" DESCRIPTION ="" GROUP ="NEWGROUP" NAME ="job_id1" OUTPUTGROUP ="NEWGROUP" PICTURETEXT ="" PORTTYPE ="INPUT" PRECISION ="6" SCALE ="0"/>
            <TRANSFORMFIELD DATATYPE ="decimal" DEFAULTVALUE ="" DESCRIPTION ="" GROUP ="NEWGROUP" NAME ="salary1" OUTPUTGROUP ="NEWGROUP" PICTURETEXT ="" PORTTYPE ="INPUT" PRECISION ="8" SCALE ="0"/>
            <TRANSFORMFIELD DATATYPE ="decimal" DEFAULTVALUE ="" DESCRIPTION ="" GROUP ="NEWGROUP" NAME ="manager_id1" OUTPUTGROUP ="NEWGROUP" PICTURETEXT ="" PORTTYPE ="INPUT" PRECISION ="10" SCALE ="0"/>
            <TRANSFORMFIELD DATATYPE ="decimal" DEFAULTVALUE ="" DESCRIPTION ="" GROUP ="NEWGROUP" NAME ="department_id1" OUTPUTGROUP ="NEWGROUP" PICTURETEXT ="" PORTTYPE ="INPUT" PRECISION ="13" SCALE ="0"/>
            <TRANSFORMFIELD DATATYPE ="decimal" DEFAULTVALUE ="" DESCRIPTION ="" GROUP ="NEWGROUP1" NAME ="employee_id2" OUTPUTGROUP ="NEWGROUP1" PICTURETEXT ="" PORTTYPE ="INPUT" PRECISION ="12" SCALE ="0"/>
            <TRANSFORMFIELD DATATYPE ="string" DEFAULTVALUE ="" DESCRIPTION ="" GROUP ="NEWGROUP1" NAME ="first_name2" OUTPUTGROUP ="NEWGROUP1" PICTURETEXT ="" PORTTYPE ="INPUT" PRECISION ="10" SCALE ="0"/>
            <TRANSFORMFIELD DATATYPE ="string" DEFAULTVALUE ="" DESCRIPTION ="" GROUP ="NEWGROUP1" NAME ="last_name2" OUTPUTGROUP ="NEWGROUP1" PICTURETEXT ="" PORTTYPE ="INPUT" PRECISION ="9" SCALE ="0"/>
            <TRANSFORMFIELD DATATYPE ="string" DEFAULTVALUE ="" DESCRIPTION ="" GROUP ="NEWGROUP1" NAME ="email2" OUTPUTGROUP ="NEWGROUP1" PICTURETEXT ="" PORTTYPE ="INPUT" PRECISION ="31" SCALE ="0"/>
            <TRANSFORMFIELD DATATYPE ="decimal" DEFAULTVALUE ="" DESCRIPTION ="" GROUP ="NEWGROUP1" NAME ="phone_number2" OUTPUTGROUP ="NEWGROUP1" PICTURETEXT ="" PORTTYPE ="INPUT" PRECISION ="12" SCALE ="0"/>
            <TRANSFORMFIELD DATATYPE ="string" DEFAULTVALUE ="" DESCRIPTION ="" GROUP ="NEWGROUP1" NAME ="hire_date2" OUTPUTGROUP ="NEWGROUP1" PICTURETEXT ="" PORTTYPE ="INPUT" PRECISION ="10" SCALE ="0"/>
            <TRANSFORMFIELD DATATYPE ="decimal" DEFAULTVALUE ="" DESCRIPTION ="" GROUP ="NEWGROUP1" NAME ="job_id2" OUTPUTGROUP ="NEWGROUP1" PICTURETEXT ="" PORTTYPE ="INPUT" PRECISION ="6" SCALE ="0"/>
            <TRANSFORMFIELD DATATYPE ="decimal" DEFAULTVALUE ="" DESCRIPTION ="" GROUP ="NEWGROUP1" NAME ="salary2" OUTPUTGROUP ="NEWGROUP1" PICTURETEXT ="" PORTTYPE ="INPUT" PRECISION ="8" SCALE ="0"/>
            <TRANSFORMFIELD DATATYPE ="decimal" DEFAULTVALUE ="" DESCRIPTION ="" GROUP ="NEWGROUP1" NAME ="manager_id2" OUTPUTGROUP ="NEWGROUP1" PICTURETEXT ="" PORTTYPE ="INPUT" PRECISION ="10" SCALE ="0"/>
            <TRANSFORMFIELD DATATYPE ="decimal" DEFAULTVALUE ="" DESCRIPTION ="" GROUP ="NEWGROUP1" NAME ="department_id2" OUTPUTGROUP ="NEWGROUP1" PICTURETEXT ="" PORTTYPE ="INPUT" PRECISION ="13" SCALE ="0"/>
            <TRANSFORMFIELD DATATYPE ="decimal" DEFAULTVALUE ="" DESCRIPTION ="" GROUP ="NEWGROUP2" NAME ="employee_id3" OUTPUTGROUP ="NEWGROUP2" PICTURETEXT ="" PORTTYPE ="INPUT" PRECISION ="12" SCALE ="0"/>
            <TRANSFORMFIELD DATATYPE ="string" DEFAULTVALUE ="" DESCRIPTION ="" GROUP ="NEWGROUP2" NAME ="first_name3" OUTPUTGROUP ="NEWGROUP2" PICTURETEXT ="" PORTTYPE ="INPUT" PRECISION ="10" SCALE ="0"/>
            <TRANSFORMFIELD DATATYPE ="string" DEFAULTVALUE ="" DESCRIPTION ="" GROUP ="NEWGROUP2" NAME ="last_name3" OUTPUTGROUP ="NEWGROUP2" PICTURETEXT ="" PORTTYPE ="INPUT" PRECISION ="9" SCALE ="0"/>
            <TRANSFORMFIELD DATATYPE ="string" DEFAULTVALUE ="" DESCRIPTION ="" GROUP ="NEWGROUP2" NAME ="email3" OUTPUTGROUP ="NEWGROUP2" PICTURETEXT ="" PORTTYPE ="INPUT" PRECISION ="31" SCALE ="0"/>
            <TRANSFORMFIELD DATATYPE ="decimal" DEFAULTVALUE ="" DESCRIPTION ="" GROUP ="NEWGROUP2" NAME ="phone_number3" OUTPUTGROUP ="NEWGROUP2" PICTURETEXT ="" PORTTYPE ="INPUT" PRECISION ="12" SCALE ="0"/>
            <TRANSFORMFIELD DATATYPE ="string" DEFAULTVALUE ="" DESCRIPTION ="" GROUP ="NEWGROUP2" NAME ="hire_date3" OUTPUTGROUP ="NEWGROUP2" PICTURETEXT ="" PORTTYPE ="INPUT" PRECISION ="10" SCALE ="0"/>
            <TRANSFORMFIELD DATATYPE ="decimal" DEFAULTVALUE ="" DESCRIPTION ="" GROUP ="NEWGROUP2" NAME ="job_id3" OUTPUTGROUP ="NEWGROUP2" PICTURETEXT ="" PORTTYPE ="INPUT" PRECISION ="6" SCALE ="0"/>
            <TRANSFORMFIELD DATATYPE ="decimal" DEFAULTVALUE ="" DESCRIPTION ="" GROUP ="NEWGROUP2" NAME ="salary3" OUTPUTGROUP ="NEWGROUP2" PICTURETEXT ="" PORTTYPE ="INPUT" PRECISION ="8" SCALE ="0"/>
            <TRANSFORMFIELD DATATYPE ="decimal" DEFAULTVALUE ="" DESCRIPTION ="" GROUP ="NEWGROUP2" NAME ="manager_id3" OUTPUTGROUP ="NEWGROUP2" PICTURETEXT ="" PORTTYPE ="INPUT" PRECISION ="10" SCALE ="0"/>
            <TRANSFORMFIELD DATATYPE ="decimal" DEFAULTVALUE ="" DESCRIPTION ="" GROUP ="NEWGROUP2" NAME ="department_id3" OUTPUTGROUP ="NEWGROUP2" PICTURETEXT ="" PORTTYPE ="INPUT" PRECISION ="13" SCALE ="0"/>
            <TABLEATTRIBUTE NAME ="Language" VALUE ="C"/>
            <TABLEATTRIBUTE NAME ="Module Identifier" VALUE ="pmuniontrans"/>
            <TABLEATTRIBUTE NAME ="Class Name" VALUE =""/>
            <TABLEATTRIBUTE NAME ="Function Identifier" VALUE ="pmunionfunc"/>
            <TABLEATTRIBUTE NAME ="Runtime Location" VALUE =""/>
            <TABLEATTRIBUTE NAME ="Tracing Level" VALUE ="Normal"/>
            <TABLEATTRIBUTE NAME ="Is Partitionable" VALUE ="Across Grid"/>
            <TABLEATTRIBUTE NAME ="Inputs Must Block" VALUE ="NO"/>
            <TABLEATTRIBUTE NAME ="Is Active" VALUE ="YES"/>
            <TABLEATTRIBUTE NAME ="Update Strategy Transformation" VALUE ="NO"/>
            <TABLEATTRIBUTE NAME ="Transformation Scope" VALUE ="Row"/>
            <TABLEATTRIBUTE NAME ="Generate Transaction" VALUE ="NO"/>
            <TABLEATTRIBUTE NAME ="Output Is Repeatable" VALUE ="Never"/>
            <TABLEATTRIBUTE NAME ="Requires Single Thread Per Partition" VALUE ="NO"/>
            <TABLEATTRIBUTE NAME ="Output Is Deterministic" VALUE ="YES"/>
            <TABLEATTRIBUTE NAME ="Preserves Data Set Boundary" VALUE ="No"/>
            <INITPROP DESCRIPTION ="" NAME ="Programmatic Identifier for Class Factory" USERDEFINED ="NO" VALUE =""/>
            <INITPROP DESCRIPTION ="" NAME ="Constructor" USERDEFINED ="NO" VALUE =""/>
            <FIELDDEPENDENCY INPUTFIELD ="employee_id1" OUTPUTFIELD ="employee_id"/>
            <FIELDDEPENDENCY INPUTFIELD ="employee_id2" OUTPUTFIELD ="employee_id"/>
            <FIELDDEPENDENCY INPUTFIELD ="employee_id3" OUTPUTFIELD ="employee_id"/>
            <FIELDDEPENDENCY INPUTFIELD ="first_name1" OUTPUTFIELD ="first_name"/>
            <FIELDDEPENDENCY INPUTFIELD ="first_name2" OUTPUTFIELD ="first_name"/>
            <FIELDDEPENDENCY INPUTFIELD ="first_name3" OUTPUTFIELD ="first_name"/>
            <FIELDDEPENDENCY INPUTFIELD ="last_name1" OUTPUTFIELD ="last_name"/>
            <FIELDDEPENDENCY INPUTFIELD ="last_name2" OUTPUTFIELD ="last_name"/>
            <FIELDDEPENDENCY INPUTFIELD ="last_name3" OUTPUTFIELD ="last_name"/>
            <FIELDDEPENDENCY INPUTFIELD ="email1" OUTPUTFIELD ="email"/>
            <FIELDDEPENDENCY INPUTFIELD ="email2" OUTPUTFIELD ="email"/>
            <FIELDDEPENDENCY INPUTFIELD ="email3" OUTPUTFIELD ="email"/>
            <FIELDDEPENDENCY INPUTFIELD ="phone_number1" OUTPUTFIELD ="phone_number"/>
            <FIELDDEPENDENCY INPUTFIELD ="phone_number2" OUTPUTFIELD ="phone_number"/>
            <FIELDDEPENDENCY INPUTFIELD ="phone_number3" OUTPUTFIELD ="phone_number"/>
            <FIELDDEPENDENCY INPUTFIELD ="hire_date1" OUTPUTFIELD ="hire_date"/>
            <FIELDDEPENDENCY INPUTFIELD ="hire_date2" OUTPUTFIELD ="hire_date"/>
            <FIELDDEPENDENCY INPUTFIELD ="hire_date3" OUTPUTFIELD ="hire_date"/>
            <FIELDDEPENDENCY INPUTFIELD ="job_id1" OUTPUTFIELD ="job_id"/>
            <FIELDDEPENDENCY INPUTFIELD ="job_id2" OUTPUTFIELD ="job_id"/>
            <FIELDDEPENDENCY INPUTFIELD ="job_id3" OUTPUTFIELD ="job_id"/>
            <FIELDDEPENDENCY INPUTFIELD ="salary1" OUTPUTFIELD ="salary"/>
            <FIELDDEPENDENCY INPUTFIELD ="salary2" OUTPUTFIELD ="salary"/>
            <FIELDDEPENDENCY INPUTFIELD ="salary3" OUTPUTFIELD ="salary"/>
            <FIELDDEPENDENCY INPUTFIELD ="manager_id1" OUTPUTFIELD ="manager_id"/>
            <FIELDDEPENDENCY INPUTFIELD ="manager_id2" OUTPUTFIELD ="manager_id"/>
            <FIELDDEPENDENCY INPUTFIELD ="manager_id3" OUTPUTFIELD ="manager_id"/>
            <FIELDDEPENDENCY INPUTFIELD ="department_id1" OUTPUTFIELD ="department_id"/>
            <FIELDDEPENDENCY INPUTFIELD ="department_id2" OUTPUTFIELD ="department_id"/>
            <FIELDDEPENDENCY INPUTFIELD ="department_id3" OUTPUTFIELD ="department_id"/>
        </TRANSFORMATION>
        <TRANSFORMATION DESCRIPTION ="" NAME ="SQ_mg_id_1021" OBJECTVERSION ="1" REUSABLE ="NO" TYPE ="Source Qualifier" VERSIONNUMBER ="1">
            <TRANSFORMFIELD DATATYPE ="decimal" DEFAULTVALUE ="" DESCRIPTION ="" NAME ="employee_id" PICTURETEXT ="" PORTTYPE ="INPUT/OUTPUT" PRECISION ="12" SCALE ="0"/>
            <TRANSFORMFIELD DATATYPE ="string" DEFAULTVALUE ="" DESCRIPTION ="" NAME ="first_name" PICTURETEXT ="" PORTTYPE ="INPUT/OUTPUT" PRECISION ="10" SCALE ="0"/>
            <TRANSFORMFIELD DATATYPE ="string" DEFAULTVALUE ="" DESCRIPTION ="" NAME ="last_name" PICTURETEXT ="" PORTTYPE ="INPUT/OUTPUT" PRECISION ="9" SCALE ="0"/>
            <TRANSFORMFIELD DATATYPE ="string" DEFAULTVALUE ="" DESCRIPTION ="" NAME ="email" PICTURETEXT ="" PORTTYPE ="INPUT/OUTPUT" PRECISION ="31" SCALE ="0"/>
            <TRANSFORMFIELD DATATYPE ="decimal" DEFAULTVALUE ="" DESCRIPTION ="" NAME ="phone_number" PICTURETEXT ="" PORTTYPE ="INPUT/OUTPUT" PRECISION ="12" SCALE ="0"/>
            <TRANSFORMFIELD DATATYPE ="string" DEFAULTVALUE ="" DESCRIPTION ="" NAME ="hire_date" PICTURETEXT ="" PORTTYPE ="INPUT/OUTPUT" PRECISION ="10" SCALE ="0"/>
            <TRANSFORMFIELD DATATYPE ="decimal" DEFAULTVALUE ="" DESCRIPTION ="" NAME ="job_id" PICTURETEXT ="" PORTTYPE ="INPUT/OUTPUT" PRECISION ="6" SCALE ="0"/>
            <TRANSFORMFIELD DATATYPE ="decimal" DEFAULTVALUE ="" DESCRIPTION ="" NAME ="salary" PICTURETEXT ="" PORTTYPE ="INPUT/OUTPUT" PRECISION ="7" SCALE ="0"/>
            <TRANSFORMFIELD DATATYPE ="decimal" DEFAULTVALUE ="" DESCRIPTION ="" NAME ="manager_id" PICTURETEXT ="" PORTTYPE ="INPUT/OUTPUT" PRECISION ="10" SCALE ="0"/>
            <TRANSFORMFIELD DATATYPE ="decimal" DEFAULTVALUE ="" DESCRIPTION ="" NAME ="department_id" PICTURETEXT ="" PORTTYPE ="INPUT/OUTPUT" PRECISION ="13" SCALE ="0"/>
            <TABLEATTRIBUTE NAME ="Sql Query" VALUE =""/>
            <TABLEATTRIBUTE NAME ="User Defined Join" VALUE =""/>
            <TABLEATTRIBUTE NAME ="Source Filter" VALUE =""/>
            <TABLEATTRIBUTE NAME ="Number Of Sorted Ports" VALUE ="0"/>
            <TABLEATTRIBUTE NAME ="Tracing Level" VALUE ="Normal"/>
            <TABLEATTRIBUTE NAME ="Select Distinct" VALUE ="NO"/>
            <TABLEATTRIBUTE NAME ="Is Partitionable" VALUE ="NO"/>
            <TABLEATTRIBUTE NAME ="Pre SQL" VALUE =""/>
            <TABLEATTRIBUTE NAME ="Post SQL" VALUE =""/>
            <TABLEATTRIBUTE NAME ="Output is deterministic" VALUE ="NO"/>
            <TABLEATTRIBUTE NAME ="Output is repeatable" VALUE ="Never"/>
        </TRANSFORMATION>
        <INSTANCE DBDNAME ="FlatFile" DESCRIPTION ="" NAME ="mg_id_101" TRANSFORMATION_NAME ="mg_id_101" TRANSFORMATION_TYPE ="Source Definition" TYPE ="SOURCE"/>
        <INSTANCE DESCRIPTION ="" NAME ="SQ_mg_id_101" REUSABLE ="NO" TRANSFORMATION_NAME ="SQ_mg_id_101" TRANSFORMATION_TYPE ="Source Qualifier" TYPE ="TRANSFORMATION">
            <ASSOCIATED_SOURCE_INSTANCE NAME ="mg_id_101"/>
        </INSTANCE>
        <INSTANCE DBDNAME ="FlatFile" DESCRIPTION ="" NAME ="mg_id_103" TRANSFORMATION_NAME ="mg_id_103" TRANSFORMATION_TYPE ="Source Definition" TYPE ="SOURCE"/>
        <INSTANCE DESCRIPTION ="" NAME ="SQ_mg_id_103" REUSABLE ="NO" TRANSFORMATION_NAME ="SQ_mg_id_103" TRANSFORMATION_TYPE ="Source Qualifier" TYPE ="TRANSFORMATION">
            <ASSOCIATED_SOURCE_INSTANCE NAME ="mg_id_103"/>
        </INSTANCE>
        <INSTANCE DESCRIPTION ="" NAME ="unn_mg" REUSABLE ="NO" TRANSFORMATION_NAME ="unn_mg" TRANSFORMATION_TYPE ="Custom Transformation" TYPE ="TRANSFORMATION"/>
        <INSTANCE DBDNAME ="FlatFile" DESCRIPTION ="" NAME ="mg_id_1021" TRANSFORMATION_NAME ="mg_id_1021" TRANSFORMATION_TYPE ="Source Definition" TYPE ="SOURCE"/>
        <INSTANCE DESCRIPTION ="" NAME ="SQ_mg_id_1021" REUSABLE ="NO" TRANSFORMATION_NAME ="SQ_mg_id_1021" TRANSFORMATION_TYPE ="Source Qualifier" TYPE ="TRANSFORMATION">
            <ASSOCIATED_SOURCE_INSTANCE NAME ="mg_id_1021"/>
        </INSTANCE>
        <INSTANCE DESCRIPTION ="" NAME ="all_managers" TRANSFORMATION_NAME ="all_managers" TRANSFORMATION_TYPE ="Target Definition" TYPE ="TARGET"/>
        <CONNECTOR FROMFIELD ="employee_id" FROMINSTANCE ="mg_id_101" FROMINSTANCETYPE ="Source Definition" TOFIELD ="employee_id" TOINSTANCE ="SQ_mg_id_101" TOINSTANCETYPE ="Source Qualifier"/>
        <CONNECTOR FROMFIELD ="first_name" FROMINSTANCE ="mg_id_101" FROMINSTANCETYPE ="Source Definition" TOFIELD ="first_name" TOINSTANCE ="SQ_mg_id_101" TOINSTANCETYPE ="Source Qualifier"/>
        <CONNECTOR FROMFIELD ="last_name" FROMINSTANCE ="mg_id_101" FROMINSTANCETYPE ="Source Definition" TOFIELD ="last_name" TOINSTANCE ="SQ_mg_id_101" TOINSTANCETYPE ="Source Qualifier"/>
        <CONNECTOR FROMFIELD ="email" FROMINSTANCE ="mg_id_101" FROMINSTANCETYPE ="Source Definition" TOFIELD ="email" TOINSTANCE ="SQ_mg_id_101" TOINSTANCETYPE ="Source Qualifier"/>
        <CONNECTOR FROMFIELD ="phone_number" FROMINSTANCE ="mg_id_101" FROMINSTANCETYPE ="Source Definition" TOFIELD ="phone_number" TOINSTANCE ="SQ_mg_id_101" TOINSTANCETYPE ="Source Qualifier"/>
        <CONNECTOR FROMFIELD ="hire_date" FROMINSTANCE ="mg_id_101" FROMINSTANCETYPE ="Source Definition" TOFIELD ="hire_date" TOINSTANCE ="SQ_mg_id_101" TOINSTANCETYPE ="Source Qualifier"/>
        <CONNECTOR FROMFIELD ="job_id" FROMINSTANCE ="mg_id_101" FROMINSTANCETYPE ="Source Definition" TOFIELD ="job_id" TOINSTANCE ="SQ_mg_id_101" TOINSTANCETYPE ="Source Qualifier"/>
        <CONNECTOR FROMFIELD ="salary" FROMINSTANCE ="mg_id_101" FROMINSTANCETYPE ="Source Definition" TOFIELD ="salary" TOINSTANCE ="SQ_mg_id_101" TOINSTANCETYPE ="Source Qualifier"/>
        <CONNECTOR FROMFIELD ="manager_id" FROMINSTANCE ="mg_id_101" FROMINSTANCETYPE ="Source Definition" TOFIELD ="manager_id" TOINSTANCE ="SQ_mg_id_101" TOINSTANCETYPE ="Source Qualifier"/>
        <CONNECTOR FROMFIELD ="department_id" FROMINSTANCE ="mg_id_101" FROMINSTANCETYPE ="Source Definition" TOFIELD ="department_id" TOINSTANCE ="SQ_mg_id_101" TOINSTANCETYPE ="Source Qualifier"/>
        <CONNECTOR FROMFIELD ="employee_id" FROMINSTANCE ="SQ_mg_id_101" FROMINSTANCETYPE ="Source Qualifier" TOFIELD ="employee_id1" TOINSTANCE ="unn_mg" TOINSTANCETYPE ="Custom Transformation"/>
        <CONNECTOR FROMFIELD ="first_name" FROMINSTANCE ="SQ_mg_id_101" FROMINSTANCETYPE ="Source Qualifier" TOFIELD ="first_name1" TOINSTANCE ="unn_mg" TOINSTANCETYPE ="Custom Transformation"/>
        <CONNECTOR FROMFIELD ="last_name" FROMINSTANCE ="SQ_mg_id_101" FROMINSTANCETYPE ="Source Qualifier" TOFIELD ="last_name1" TOINSTANCE ="unn_mg" TOINSTANCETYPE ="Custom Transformation"/>
        <CONNECTOR FROMFIELD ="email" FROMINSTANCE ="SQ_mg_id_101" FROMINSTANCETYPE ="Source Qualifier" TOFIELD ="email1" TOINSTANCE ="unn_mg" TOINSTANCETYPE ="Custom Transformation"/>
        <CONNECTOR FROMFIELD ="phone_number" FROMINSTANCE ="SQ_mg_id_101" FROMINSTANCETYPE ="Source Qualifier" TOFIELD ="phone_number1" TOINSTANCE ="unn_mg" TOINSTANCETYPE ="Custom Transformation"/>
        <CONNECTOR FROMFIELD ="hire_date" FROMINSTANCE ="SQ_mg_id_101" FROMINSTANCETYPE ="Source Qualifier" TOFIELD ="hire_date1" TOINSTANCE ="unn_mg" TOINSTANCETYPE ="Custom Transformation"/>
        <CONNECTOR FROMFIELD ="job_id" FROMINSTANCE ="SQ_mg_id_101" FROMINSTANCETYPE ="Source Qualifier" TOFIELD ="job_id1" TOINSTANCE ="unn_mg" TOINSTANCETYPE ="Custom Transformation"/>
        <CONNECTOR FROMFIELD ="salary" FROMINSTANCE ="SQ_mg_id_101" FROMINSTANCETYPE ="Source Qualifier" TOFIELD ="salary1" TOINSTANCE ="unn_mg" TOINSTANCETYPE ="Custom Transformation"/>
        <CONNECTOR FROMFIELD ="manager_id" FROMINSTANCE ="SQ_mg_id_101" FROMINSTANCETYPE ="Source Qualifier" TOFIELD ="manager_id1" TOINSTANCE ="unn_mg" TOINSTANCETYPE ="Custom Transformation"/>
        <CONNECTOR FROMFIELD ="department_id" FROMINSTANCE ="SQ_mg_id_101" FROMINSTANCETYPE ="Source Qualifier" TOFIELD ="department_id1" TOINSTANCE ="unn_mg" TOINSTANCETYPE ="Custom Transformation"/>
        <CONNECTOR FROMFIELD ="employee_id" FROMINSTANCE ="mg_id_103" FROMINSTANCETYPE ="Source Definition" TOFIELD ="employee_id" TOINSTANCE ="SQ_mg_id_103" TOINSTANCETYPE ="Source Qualifier"/>
        <CONNECTOR FROMFIELD ="first_name" FROMINSTANCE ="mg_id_103" FROMINSTANCETYPE ="Source Definition" TOFIELD ="first_name" TOINSTANCE ="SQ_mg_id_103" TOINSTANCETYPE ="Source Qualifier"/>
        <CONNECTOR FROMFIELD ="last_name" FROMINSTANCE ="mg_id_103" FROMINSTANCETYPE ="Source Definition" TOFIELD ="last_name" TOINSTANCE ="SQ_mg_id_103" TOINSTANCETYPE ="Source Qualifier"/>
        <CONNECTOR FROMFIELD ="email" FROMINSTANCE ="mg_id_103" FROMINSTANCETYPE ="Source Definition" TOFIELD ="email" TOINSTANCE ="SQ_mg_id_103" TOINSTANCETYPE ="Source Qualifier"/>
        <CONNECTOR FROMFIELD ="phone_number" FROMINSTANCE ="mg_id_103" FROMINSTANCETYPE ="Source Definition" TOFIELD ="phone_number" TOINSTANCE ="SQ_mg_id_103" TOINSTANCETYPE ="Source Qualifier"/>
        <CONNECTOR FROMFIELD ="hire_date" FROMINSTANCE ="mg_id_103" FROMINSTANCETYPE ="Source Definition" TOFIELD ="hire_date" TOINSTANCE ="SQ_mg_id_103" TOINSTANCETYPE ="Source Qualifier"/>
        <CONNECTOR FROMFIELD ="job_id" FROMINSTANCE ="mg_id_103" FROMINSTANCETYPE ="Source Definition" TOFIELD ="job_id" TOINSTANCE ="SQ_mg_id_103" TOINSTANCETYPE ="Source Qualifier"/>
        <CONNECTOR FROMFIELD ="salary" FROMINSTANCE ="mg_id_103" FROMINSTANCETYPE ="Source Definition" TOFIELD ="salary" TOINSTANCE ="SQ_mg_id_103" TOINSTANCETYPE ="Source Qualifier"/>
        <CONNECTOR FROMFIELD ="manager_id" FROMINSTANCE ="mg_id_103" FROMINSTANCETYPE ="Source Definition" TOFIELD ="manager_id" TOINSTANCE ="SQ_mg_id_103" TOINSTANCETYPE ="Source Qualifier"/>
        <CONNECTOR FROMFIELD ="department_id" FROMINSTANCE ="mg_id_103" FROMINSTANCETYPE ="Source Definition" TOFIELD ="department_id" TOINSTANCE ="SQ_mg_id_103" TOINSTANCETYPE ="Source Qualifier"/>
        <CONNECTOR FROMFIELD ="employee_id" FROMINSTANCE ="SQ_mg_id_103" FROMINSTANCETYPE ="Source Qualifier" TOFIELD ="employee_id3" TOINSTANCE ="unn_mg" TOINSTANCETYPE ="Custom Transformation"/>
        <CONNECTOR FROMFIELD ="first_name" FROMINSTANCE ="SQ_mg_id_103" FROMINSTANCETYPE ="Source Qualifier" TOFIELD ="first_name3" TOINSTANCE ="unn_mg" TOINSTANCETYPE ="Custom Transformation"/>
        <CONNECTOR FROMFIELD ="last_name" FROMINSTANCE ="SQ_mg_id_103" FROMINSTANCETYPE ="Source Qualifier" TOFIELD ="last_name3" TOINSTANCE ="unn_mg" TOINSTANCETYPE ="Custom Transformation"/>
        <CONNECTOR FROMFIELD ="email" FROMINSTANCE ="SQ_mg_id_103" FROMINSTANCETYPE ="Source Qualifier" TOFIELD ="email3" TOINSTANCE ="unn_mg" TOINSTANCETYPE ="Custom Transformation"/>
        <CONNECTOR FROMFIELD ="phone_number" FROMINSTANCE ="SQ_mg_id_103" FROMINSTANCETYPE ="Source Qualifier" TOFIELD ="phone_number3" TOINSTANCE ="unn_mg" TOINSTANCETYPE ="Custom Transformation"/>
        <CONNECTOR FROMFIELD ="hire_date" FROMINSTANCE ="SQ_mg_id_103" FROMINSTANCETYPE ="Source Qualifier" TOFIELD ="hire_date3" TOINSTANCE ="unn_mg" TOINSTANCETYPE ="Custom Transformation"/>
        <CONNECTOR FROMFIELD ="job_id" FROMINSTANCE ="SQ_mg_id_103" FROMINSTANCETYPE ="Source Qualifier" TOFIELD ="job_id3" TOINSTANCE ="unn_mg" TOINSTANCETYPE ="Custom Transformation"/>
        <CONNECTOR FROMFIELD ="salary" FROMINSTANCE ="SQ_mg_id_103" FROMINSTANCETYPE ="Source Qualifier" TOFIELD ="salary3" TOINSTANCE ="unn_mg" TOINSTANCETYPE ="Custom Transformation"/>
        <CONNECTOR FROMFIELD ="manager_id" FROMINSTANCE ="SQ_mg_id_103" FROMINSTANCETYPE ="Source Qualifier" TOFIELD ="manager_id3" TOINSTANCE ="unn_mg" TOINSTANCETYPE ="Custom Transformation"/>
        <CONNECTOR FROMFIELD ="department_id" FROMINSTANCE ="SQ_mg_id_103" FROMINSTANCETYPE ="Source Qualifier" TOFIELD ="department_id3" TOINSTANCE ="unn_mg" TOINSTANCETYPE ="Custom Transformation"/>
        <CONNECTOR FROMFIELD ="employee_id" FROMINSTANCE ="SQ_mg_id_1021" FROMINSTANCETYPE ="Source Qualifier" TOFIELD ="employee_id2" TOINSTANCE ="unn_mg" TOINSTANCETYPE ="Custom Transformation"/>
        <CONNECTOR FROMFIELD ="first_name" FROMINSTANCE ="SQ_mg_id_1021" FROMINSTANCETYPE ="Source Qualifier" TOFIELD ="first_name2" TOINSTANCE ="unn_mg" TOINSTANCETYPE ="Custom Transformation"/>
        <CONNECTOR FROMFIELD ="last_name" FROMINSTANCE ="SQ_mg_id_1021" FROMINSTANCETYPE ="Source Qualifier" TOFIELD ="last_name2" TOINSTANCE ="unn_mg" TOINSTANCETYPE ="Custom Transformation"/>
        <CONNECTOR FROMFIELD ="email" FROMINSTANCE ="SQ_mg_id_1021" FROMINSTANCETYPE ="Source Qualifier" TOFIELD ="email2" TOINSTANCE ="unn_mg" TOINSTANCETYPE ="Custom Transformation"/>
        <CONNECTOR FROMFIELD ="phone_number" FROMINSTANCE ="SQ_mg_id_1021" FROMINSTANCETYPE ="Source Qualifier" TOFIELD ="phone_number2" TOINSTANCE ="unn_mg" TOINSTANCETYPE ="Custom Transformation"/>
        <CONNECTOR FROMFIELD ="hire_date" FROMINSTANCE ="SQ_mg_id_1021" FROMINSTANCETYPE ="Source Qualifier" TOFIELD ="hire_date2" TOINSTANCE ="unn_mg" TOINSTANCETYPE ="Custom Transformation"/>
        <CONNECTOR FROMFIELD ="job_id" FROMINSTANCE ="SQ_mg_id_1021" FROMINSTANCETYPE ="Source Qualifier" TOFIELD ="job_id2" TOINSTANCE ="unn_mg" TOINSTANCETYPE ="Custom Transformation"/>
        <CONNECTOR FROMFIELD ="salary" FROMINSTANCE ="SQ_mg_id_1021" FROMINSTANCETYPE ="Source Qualifier" TOFIELD ="salary2" TOINSTANCE ="unn_mg" TOINSTANCETYPE ="Custom Transformation"/>
        <CONNECTOR FROMFIELD ="manager_id" FROMINSTANCE ="SQ_mg_id_1021" FROMINSTANCETYPE ="Source Qualifier" TOFIELD ="manager_id2" TOINSTANCE ="unn_mg" TOINSTANCETYPE ="Custom Transformation"/>
        <CONNECTOR FROMFIELD ="department_id" FROMINSTANCE ="SQ_mg_id_1021" FROMINSTANCETYPE ="Source Qualifier" TOFIELD ="department_id2" TOINSTANCE ="unn_mg" TOINSTANCETYPE ="Custom Transformation"/>
        <CONNECTOR FROMFIELD ="employee_id" FROMINSTANCE ="unn_mg" FROMINSTANCETYPE ="Custom Transformation" TOFIELD ="employee_id" TOINSTANCE ="all_managers" TOINSTANCETYPE ="Target Definition"/>
        <CONNECTOR FROMFIELD ="first_name" FROMINSTANCE ="unn_mg" FROMINSTANCETYPE ="Custom Transformation" TOFIELD ="first_name" TOINSTANCE ="all_managers" TOINSTANCETYPE ="Target Definition"/>
        <CONNECTOR FROMFIELD ="last_name" FROMINSTANCE ="unn_mg" FROMINSTANCETYPE ="Custom Transformation" TOFIELD ="last_name" TOINSTANCE ="all_managers" TOINSTANCETYPE ="Target Definition"/>
        <CONNECTOR FROMFIELD ="email" FROMINSTANCE ="unn_mg" FROMINSTANCETYPE ="Custom Transformation" TOFIELD ="email" TOINSTANCE ="all_managers" TOINSTANCETYPE ="Target Definition"/>
        <CONNECTOR FROMFIELD ="phone_number" FROMINSTANCE ="unn_mg" FROMINSTANCETYPE ="Custom Transformation" TOFIELD ="phone_number" TOINSTANCE ="all_managers" TOINSTANCETYPE ="Target Definition"/>
        <CONNECTOR FROMFIELD ="hire_date" FROMINSTANCE ="unn_mg" FROMINSTANCETYPE ="Custom Transformation" TOFIELD ="hire_date" TOINSTANCE ="all_managers" TOINSTANCETYPE ="Target Definition"/>
        <CONNECTOR FROMFIELD ="job_id" FROMINSTANCE ="unn_mg" FROMINSTANCETYPE ="Custom Transformation" TOFIELD ="job_id" TOINSTANCE ="all_managers" TOINSTANCETYPE ="Target Definition"/>
        <CONNECTOR FROMFIELD ="salary" FROMINSTANCE ="unn_mg" FROMINSTANCETYPE ="Custom Transformation" TOFIELD ="salary" TOINSTANCE ="all_managers" TOINSTANCETYPE ="Target Definition"/>
        <CONNECTOR FROMFIELD ="manager_id" FROMINSTANCE ="unn_mg" FROMINSTANCETYPE ="Custom Transformation" TOFIELD ="manager_id" TOINSTANCE ="all_managers" TOINSTANCETYPE ="Target Definition"/>
        <CONNECTOR FROMFIELD ="department_id" FROMINSTANCE ="unn_mg" FROMINSTANCETYPE ="Custom Transformation" TOFIELD ="department_id" TOINSTANCE ="all_managers" TOINSTANCETYPE ="Target Definition"/>
        <CONNECTOR FROMFIELD ="employee_id" FROMINSTANCE ="mg_id_1021" FROMINSTANCETYPE ="Source Definition" TOFIELD ="employee_id" TOINSTANCE ="SQ_mg_id_1021" TOINSTANCETYPE ="Source Qualifier"/>
        <CONNECTOR FROMFIELD ="first_name" FROMINSTANCE ="mg_id_1021" FROMINSTANCETYPE ="Source Definition" TOFIELD ="first_name" TOINSTANCE ="SQ_mg_id_1021" TOINSTANCETYPE ="Source Qualifier"/>
        <CONNECTOR FROMFIELD ="last_name" FROMINSTANCE ="mg_id_1021" FROMINSTANCETYPE ="Source Definition" TOFIELD ="last_name" TOINSTANCE ="SQ_mg_id_1021" TOINSTANCETYPE ="Source Qualifier"/>
        <CONNECTOR FROMFIELD ="email" FROMINSTANCE ="mg_id_1021" FROMINSTANCETYPE ="Source Definition" TOFIELD ="email" TOINSTANCE ="SQ_mg_id_1021" TOINSTANCETYPE ="Source Qualifier"/>
        <CONNECTOR FROMFIELD ="phone_number" FROMINSTANCE ="mg_id_1021" FROMINSTANCETYPE ="Source Definition" TOFIELD ="phone_number" TOINSTANCE ="SQ_mg_id_1021" TOINSTANCETYPE ="Source Qualifier"/>
        <CONNECTOR FROMFIELD ="hire_date" FROMINSTANCE ="mg_id_1021" FROMINSTANCETYPE ="Source Definition" TOFIELD ="hire_date" TOINSTANCE ="SQ_mg_id_1021" TOINSTANCETYPE ="Source Qualifier"/>
        <CONNECTOR FROMFIELD ="job_id" FROMINSTANCE ="mg_id_1021" FROMINSTANCETYPE ="Source Definition" TOFIELD ="job_id" TOINSTANCE ="SQ_mg_id_1021" TOINSTANCETYPE ="Source Qualifier"/>
        <CONNECTOR FROMFIELD ="salary" FROMINSTANCE ="mg_id_1021" FROMINSTANCETYPE ="Source Definition" TOFIELD ="salary" TOINSTANCE ="SQ_mg_id_1021" TOINSTANCETYPE ="Source Qualifier"/>
        <CONNECTOR FROMFIELD ="manager_id" FROMINSTANCE ="mg_id_1021" FROMINSTANCETYPE ="Source Definition" TOFIELD ="manager_id" TOINSTANCE ="SQ_mg_id_1021" TOINSTANCETYPE ="Source Qualifier"/>
        <CONNECTOR FROMFIELD ="department_id" FROMINSTANCE ="mg_id_1021" FROMINSTANCETYPE ="Source Definition" TOFIELD ="department_id" TOINSTANCE ="SQ_mg_id_1021" TOINSTANCETYPE ="Source Qualifier"/>
        <TARGETLOADORDER ORDER ="1" TARGETINSTANCE ="all_managers"/>
    </MAPPING>
</FOLDER>
</REPOSITORY>
</POWERMART>