<?xml version="1.0" encoding="Windows-1252"?>
<!DOCTYPE POWERMART SYSTEM "powrmart.dtd">
<POWERMART CREATION_DATE="11/13/2024 04:46:36" REPOSITORY_VERSION="187.96">
<REPOSITORY NAME="INFA_DEV_REP" VERSION="187" CODEPAGE="MS1252" DATABASETYPE="Microsoft SQL Server">
<FOLDER NAME="DEV_PRACTICE" GROUP="" OWNER="Administrator" SHARED="NOTSHARED" DESCRIPTION="" PERMISSIONS="rwx---r--" UUID="0aa9f3aa-4ace-4461-a3b1-161b8654cb54">
    <SOURCE BUSINESSNAME ="" DATABASETYPE ="Flat File" DBDNAME ="FlatFile" DESCRIPTION ="" NAME ="Retail_STore_data__1_" OBJECTVERSION ="1" OWNERNAME ="" VERSIONNUMBER ="1">
        <FLATFILE CODEPAGE ="MS1252" CONSECDELIMITERSASONE ="NO" DELIMITED ="YES" DELIMITERS ="," ESCAPE_CHARACTER ="" KEEPESCAPECHAR ="NO" LINESEQUENTIAL ="NO" MULTIDELIMITERSASAND ="YES" NULLCHARTYPE ="ASCII" NULL_CHARACTER ="*" PADBYTES ="1" QUOTE_CHARACTER ="DOUBLE" REPEATABLE ="NO" ROWDELIMITER ="0" SHIFTSENSITIVEDATA ="NO" SKIPROWS ="1" STRIPTRAILINGBLANKS ="NO"/>
        <TABLEATTRIBUTE NAME ="Base Table Name" VALUE =""/>
        <TABLEATTRIBUTE NAME ="Search Specification" VALUE =""/>
        <TABLEATTRIBUTE NAME ="Sort Specification" VALUE =""/>
        <TABLEATTRIBUTE NAME ="Datetime Format" VALUE ="A  19 mm/dd/yyyy hh24:mi:ss"/>
        <TABLEATTRIBUTE NAME ="Thousand Separator" VALUE ="None"/>
        <TABLEATTRIBUTE NAME ="Decimal Separator" VALUE ="."/>
        <TABLEATTRIBUTE NAME ="Add Currently Processed Flat File Name Port" VALUE ="NO"/>
        <TABLEATTRIBUTE NAME ="Source TimeStamp" VALUE =""/>
        <SOURCEFIELD BUSINESSNAME ="" DATATYPE ="string" DESCRIPTION ="" FIELDNUMBER ="1" FIELDPROPERTY ="0" FIELDTYPE ="ELEMITEM" HIDDEN ="NO" KEYTYPE ="NOT A KEY" LENGTH ="30" LEVEL ="0" NAME ="RETAIL_CD" NULLABLE ="NULL" OCCURS ="0" OFFSET ="0" PHYSICALLENGTH ="30" PHYSICALOFFSET ="0" PICTURETEXT ="" PRECISION ="30" SCALE ="0" USAGE_FLAGS =""/>
        <SOURCEFIELD BUSINESSNAME ="" DATATYPE ="string" DESCRIPTION ="" FIELDNUMBER ="2" FIELDPROPERTY ="0" FIELDTYPE ="ELEMITEM" HIDDEN ="NO" KEYTYPE ="NOT A KEY" LENGTH ="33" LEVEL ="0" NAME ="RETAIL_NAME" NULLABLE ="NULL" OCCURS ="0" OFFSET ="30" PHYSICALLENGTH ="33" PHYSICALOFFSET ="30" PICTURETEXT ="" PRECISION ="33" SCALE ="0" USAGE_FLAGS =""/>
        <SOURCEFIELD BUSINESSNAME ="" DATATYPE ="string" DESCRIPTION ="" FIELDNUMBER ="3" FIELDPROPERTY ="0" FIELDTYPE ="ELEMITEM" HIDDEN ="NO" KEYTYPE ="NOT A KEY" LENGTH ="9" LEVEL ="0" NAME ="RETAIL_ADDRESS" NULLABLE ="NULL" OCCURS ="0" OFFSET ="63" PHYSICALLENGTH ="9" PHYSICALOFFSET ="63" PICTURETEXT ="" PRECISION ="9" SCALE ="0" USAGE_FLAGS =""/>
        <SOURCEFIELD BUSINESSNAME ="" DATATYPE ="string" DESCRIPTION ="" FIELDNUMBER ="4" FIELDPROPERTY ="0" FIELDTYPE ="ELEMITEM" HIDDEN ="NO" KEYTYPE ="NOT A KEY" LENGTH ="13" LEVEL ="0" NAME ="RETAIL_REGION" NULLABLE ="NULL" OCCURS ="0" OFFSET ="72" PHYSICALLENGTH ="13" PHYSICALOFFSET ="72" PICTURETEXT ="" PRECISION ="13" SCALE ="0" USAGE_FLAGS =""/>
    </SOURCE>
    <TARGET BUSINESSNAME ="" CONSTRAINT ="" DATABASETYPE ="Microsoft SQL Server" DESCRIPTION ="" NAME ="pract_retail_load" OBJECTVERSION ="1" TABLEOPTIONS ="" VERSIONNUMBER ="1">
        <TARGETFIELD BUSINESSNAME ="" DATATYPE ="varchar" DESCRIPTION ="" FIELDNUMBER ="1" KEYTYPE ="NOT A KEY" NAME ="RETAIL_CD" NULLABLE ="NULL" PICTURETEXT ="" PRECISION ="100" SCALE ="0"/>
        <TARGETFIELD BUSINESSNAME ="" DATATYPE ="varchar" DESCRIPTION ="" FIELDNUMBER ="2" KEYTYPE ="NOT A KEY" NAME ="RETAIL_NAME" NULLABLE ="NULL" PICTURETEXT ="" PRECISION ="100" SCALE ="0"/>
        <TARGETFIELD BUSINESSNAME ="" DATATYPE ="varchar" DESCRIPTION ="" FIELDNUMBER ="3" KEYTYPE ="NOT A KEY" NAME ="RETAIL_ADDRESS" NULLABLE ="NULL" PICTURETEXT ="" PRECISION ="100" SCALE ="0"/>
        <TARGETFIELD BUSINESSNAME ="" DATATYPE ="varchar" DESCRIPTION ="" FIELDNUMBER ="4" KEYTYPE ="NOT A KEY" NAME ="RETAIL_REGION" NULLABLE ="NULL" PICTURETEXT ="" PRECISION ="100" SCALE ="0"/>
    </TARGET>
    <MAPPING DESCRIPTION ="" ISVALID ="YES" NAME ="m_cp_retail_db" OBJECTVERSION ="1" VERSIONNUMBER ="1">
        <TRANSFORMATION DESCRIPTION ="" NAME ="SQ_Retail_STore_data__1_" OBJECTVERSION ="1" REUSABLE ="NO" TYPE ="Source Qualifier" VERSIONNUMBER ="1">
            <TRANSFORMFIELD DATATYPE ="string" DEFAULTVALUE ="" DESCRIPTION ="" NAME ="RETAIL_CD" PICTURETEXT ="" PORTTYPE ="INPUT/OUTPUT" PRECISION ="30" SCALE ="0"/>
            <TRANSFORMFIELD DATATYPE ="string" DEFAULTVALUE ="" DESCRIPTION ="" NAME ="RETAIL_NAME" PICTURETEXT ="" PORTTYPE ="INPUT/OUTPUT" PRECISION ="33" SCALE ="0"/>
            <TRANSFORMFIELD DATATYPE ="string" DEFAULTVALUE ="" DESCRIPTION ="" NAME ="RETAIL_ADDRESS" PICTURETEXT ="" PORTTYPE ="INPUT/OUTPUT" PRECISION ="9" SCALE ="0"/>
            <TRANSFORMFIELD DATATYPE ="string" DEFAULTVALUE ="" DESCRIPTION ="" NAME ="RETAIL_REGION" PICTURETEXT ="" PORTTYPE ="INPUT/OUTPUT" PRECISION ="13" SCALE ="0"/>
            <TABLEATTRIBUTE NAME ="Sql Query" VALUE =""/>
            <TABLEATTRIBUTE NAME ="User Defined Join" VALUE =""/>
            <TABLEATTRIBUTE NAME ="Source Filter" VALUE =""/>
            <TABLEATTRIBUTE NAME ="Number Of Sorted Ports" VALUE ="0"/>
            <TABLEATTRIBUTE NAME ="Tracing Level" VALUE ="Normal"/>
            <TABLEATTRIBUTE NAME ="Select Distinct" VALUE ="NO"/>
            <TABLEATTRIBUTE NAME ="Is Partitionable" VALUE ="NO"/>
            <TABLEATTRIBUTE NAME ="Pre SQL" VALUE =""/>
            <TABLEATTRIBUTE NAME ="Post SQL" VALUE =""/>
            <TABLEATTRIBUTE NAME ="Output is deterministic" VALUE ="NO"/>
            <TABLEATTRIBUTE NAME ="Output is repeatable" VALUE ="Never"/>
        </TRANSFORMATION>
        <INSTANCE DESCRIPTION ="" NAME ="pract_retail_load" TRANSFORMATION_NAME ="pract_retail_load" TRANSFORMATION_TYPE ="Target Definition" TYPE ="TARGET"/>
        <INSTANCE DBDNAME ="FlatFile" DESCRIPTION ="" NAME ="Retail_STore_data__1_" TRANSFORMATION_NAME ="Retail_STore_data__1_" TRANSFORMATION_TYPE ="Source Definition" TYPE ="SOURCE"/>
        <INSTANCE DESCRIPTION ="" NAME ="SQ_Retail_STore_data__1_" REUSABLE ="NO" TRANSFORMATION_NAME ="SQ_Retail_STore_data__1_" TRANSFORMATION_TYPE ="Source Qualifier" TYPE ="TRANSFORMATION">
            <ASSOCIATED_SOURCE_INSTANCE NAME ="Retail_STore_data__1_"/>
        </INSTANCE>
        <CONNECTOR FROMFIELD ="RETAIL_CD" FROMINSTANCE ="SQ_Retail_STore_data__1_" FROMINSTANCETYPE ="Source Qualifier" TOFIELD ="RETAIL_CD" TOINSTANCE ="pract_retail_load" TOINSTANCETYPE ="Target Definition"/>
        <CONNECTOR FROMFIELD ="RETAIL_NAME" FROMINSTANCE ="SQ_Retail_STore_data__1_" FROMINSTANCETYPE ="Source Qualifier" TOFIELD ="RETAIL_NAME" TOINSTANCE ="pract_retail_load" TOINSTANCETYPE ="Target Definition"/>
        <CONNECTOR FROMFIELD ="RETAIL_ADDRESS" FROMINSTANCE ="SQ_Retail_STore_data__1_" FROMINSTANCETYPE ="Source Qualifier" TOFIELD ="RETAIL_ADDRESS" TOINSTANCE ="pract_retail_load" TOINSTANCETYPE ="Target Definition"/>
        <CONNECTOR FROMFIELD ="RETAIL_REGION" FROMINSTANCE ="SQ_Retail_STore_data__1_" FROMINSTANCETYPE ="Source Qualifier" TOFIELD ="RETAIL_REGION" TOINSTANCE ="pract_retail_load" TOINSTANCETYPE ="Target Definition"/>
        <CONNECTOR FROMFIELD ="RETAIL_CD" FROMINSTANCE ="Retail_STore_data__1_" FROMINSTANCETYPE ="Source Definition" TOFIELD ="RETAIL_CD" TOINSTANCE ="SQ_Retail_STore_data__1_" TOINSTANCETYPE ="Source Qualifier"/>
        <CONNECTOR FROMFIELD ="RETAIL_NAME" FROMINSTANCE ="Retail_STore_data__1_" FROMINSTANCETYPE ="Source Definition" TOFIELD ="RETAIL_NAME" TOINSTANCE ="SQ_Retail_STore_data__1_" TOINSTANCETYPE ="Source Qualifier"/>
        <CONNECTOR FROMFIELD ="RETAIL_ADDRESS" FROMINSTANCE ="Retail_STore_data__1_" FROMINSTANCETYPE ="Source Definition" TOFIELD ="RETAIL_ADDRESS" TOINSTANCE ="SQ_Retail_STore_data__1_" TOINSTANCETYPE ="Source Qualifier"/>
        <CONNECTOR FROMFIELD ="RETAIL_REGION" FROMINSTANCE ="Retail_STore_data__1_" FROMINSTANCETYPE ="Source Definition" TOFIELD ="RETAIL_REGION" TOINSTANCE ="SQ_Retail_STore_data__1_" TOINSTANCETYPE ="Source Qualifier"/>
        <TARGETLOADORDER ORDER ="1" TARGETINSTANCE ="pract_retail_load"/>
        <ERPINFO/>
    </MAPPING>
</FOLDER>
</REPOSITORY>
</POWERMART>