<?xml version="1.0" encoding="Windows-1252"?>
<!DOCTYPE POWERMART SYSTEM "powrmart.dtd">
<POWERMART CREATION_DATE="11/13/2024 04:47:32" REPOSITORY_VERSION="187.96">
<REPOSITORY NAME="INFA_DEV_REP" VERSION="187" CODEPAGE="MS1252" DATABASETYPE="Microsoft SQL Server">
<FOLDER NAME="DEV_PRACTICE" GROUP="" OWNER="Administrator" SHARED="NOTSHARED" DESCRIPTION="" PERMISSIONS="rwx---r--" UUID="0aa9f3aa-4ace-4461-a3b1-161b8654cb54">
    <SOURCE BUSINESSNAME ="" DATABASETYPE ="Microsoft SQL Server" DBDNAME ="inf_ss_hr" DESCRIPTION ="" NAME ="employees" OBJECTVERSION ="1" OWNERNAME ="dbo" VERSIONNUMBER ="1">
        <SOURCEFIELD BUSINESSNAME ="" DATATYPE ="int" DESCRIPTION ="" FIELDNUMBER ="1" FIELDPROPERTY ="0" FIELDTYPE ="ELEMITEM" HIDDEN ="NO" KEYTYPE ="PRIMARY KEY" LENGTH ="11" LEVEL ="0" NAME ="employee_id" NULLABLE ="NOTNULL" OCCURS ="0" OFFSET ="0" PHYSICALLENGTH ="10" PHYSICALOFFSET ="0" PICTURETEXT ="" PRECISION ="10" SCALE ="0" USAGE_FLAGS =""/>
        <SOURCEFIELD BUSINESSNAME ="" DATATYPE ="varchar" DESCRIPTION ="" FIELDNUMBER ="2" FIELDPROPERTY ="0" FIELDTYPE ="ELEMITEM" HIDDEN ="NO" KEYTYPE ="NOT A KEY" LENGTH ="0" LEVEL ="0" NAME ="first_name" NULLABLE ="NULL" OCCURS ="0" OFFSET ="11" PHYSICALLENGTH ="20" PHYSICALOFFSET ="10" PICTURETEXT ="" PRECISION ="20" SCALE ="0" USAGE_FLAGS =""/>
        <SOURCEFIELD BUSINESSNAME ="" DATATYPE ="varchar" DESCRIPTION ="" FIELDNUMBER ="3" FIELDPROPERTY ="0" FIELDTYPE ="ELEMITEM" HIDDEN ="NO" KEYTYPE ="NOT A KEY" LENGTH ="0" LEVEL ="0" NAME ="last_name" NULLABLE ="NOTNULL" OCCURS ="0" OFFSET ="11" PHYSICALLENGTH ="25" PHYSICALOFFSET ="30" PICTURETEXT ="" PRECISION ="25" SCALE ="0" USAGE_FLAGS =""/>
        <SOURCEFIELD BUSINESSNAME ="" DATATYPE ="varchar" DESCRIPTION ="" FIELDNUMBER ="4" FIELDPROPERTY ="0" FIELDTYPE ="ELEMITEM" HIDDEN ="NO" KEYTYPE ="NOT A KEY" LENGTH ="0" LEVEL ="0" NAME ="email" NULLABLE ="NOTNULL" OCCURS ="0" OFFSET ="11" PHYSICALLENGTH ="100" PHYSICALOFFSET ="55" PICTURETEXT ="" PRECISION ="100" SCALE ="0" USAGE_FLAGS =""/>
        <SOURCEFIELD BUSINESSNAME ="" DATATYPE ="varchar" DESCRIPTION ="" FIELDNUMBER ="5" FIELDPROPERTY ="0" FIELDTYPE ="ELEMITEM" HIDDEN ="NO" KEYTYPE ="NOT A KEY" LENGTH ="0" LEVEL ="0" NAME ="phone_number" NULLABLE ="NULL" OCCURS ="0" OFFSET ="11" PHYSICALLENGTH ="20" PHYSICALOFFSET ="155" PICTURETEXT ="" PRECISION ="20" SCALE ="0" USAGE_FLAGS =""/>
        <SOURCEFIELD BUSINESSNAME ="" DATATYPE ="nvarchar" DESCRIPTION ="" FIELDNUMBER ="6" FIELDPROPERTY ="0" FIELDTYPE ="ELEMITEM" HIDDEN ="NO" KEYTYPE ="NOT A KEY" LENGTH ="0" LEVEL ="0" NAME ="hire_date" NULLABLE ="NOTNULL" OCCURS ="0" OFFSET ="11" PHYSICALLENGTH ="10" PHYSICALOFFSET ="175" PICTURETEXT ="" PRECISION ="10" SCALE ="0" USAGE_FLAGS =""/>
        <SOURCEFIELD BUSINESSNAME ="" DATATYPE ="int" DESCRIPTION ="" FIELDNUMBER ="7" FIELDPROPERTY ="0" FIELDTYPE ="ELEMITEM" HIDDEN ="NO" KEYTYPE ="NOT A KEY" LENGTH ="11" LEVEL ="0" NAME ="job_id" NULLABLE ="NOTNULL" OCCURS ="0" OFFSET ="11" PHYSICALLENGTH ="10" PHYSICALOFFSET ="185" PICTURETEXT ="" PRECISION ="10" SCALE ="0" USAGE_FLAGS =""/>
        <SOURCEFIELD BUSINESSNAME ="" DATATYPE ="decimal" DESCRIPTION ="" FIELDNUMBER ="8" FIELDPROPERTY ="0" FIELDTYPE ="ELEMITEM" HIDDEN ="NO" KEYTYPE ="NOT A KEY" LENGTH ="10" LEVEL ="0" NAME ="salary" NULLABLE ="NOTNULL" OCCURS ="0" OFFSET ="22" PHYSICALLENGTH ="8" PHYSICALOFFSET ="195" PICTURETEXT ="" PRECISION ="8" SCALE ="2" USAGE_FLAGS =""/>
        <SOURCEFIELD BUSINESSNAME ="" DATATYPE ="int" DESCRIPTION ="" FIELDNUMBER ="9" FIELDPROPERTY ="0" FIELDTYPE ="ELEMITEM" HIDDEN ="NO" KEYTYPE ="FOREIGN KEY" LENGTH ="11" LEVEL ="0" NAME ="manager_id" NULLABLE ="NULL" OCCURS ="0" OFFSET ="32" PHYSICALLENGTH ="10" PHYSICALOFFSET ="203" PICTURETEXT ="" PRECISION ="10" REFERENCEDDBD ="inf_ss_hr" REFERENCEDFIELD ="employee_id" REFERENCEDTABLE ="employees" SCALE ="0" USAGE_FLAGS =""/>
        <SOURCEFIELD BUSINESSNAME ="" DATATYPE ="int" DESCRIPTION ="" FIELDNUMBER ="10" FIELDPROPERTY ="0" FIELDTYPE ="ELEMITEM" HIDDEN ="NO" KEYTYPE ="NOT A KEY" LENGTH ="11" LEVEL ="0" NAME ="department_id" NULLABLE ="NULL" OCCURS ="0" OFFSET ="43" PHYSICALLENGTH ="10" PHYSICALOFFSET ="213" PICTURETEXT ="" PRECISION ="10" SCALE ="0" USAGE_FLAGS =""/>
    </SOURCE>
    <TARGET BUSINESSNAME ="" CONSTRAINT ="" DATABASETYPE ="Flat File" DESCRIPTION ="" NAME ="tgt_ff_mg_id_103" OBJECTVERSION ="1" TABLEOPTIONS ="" VERSIONNUMBER ="1">
        <FLATFILE CODEPAGE ="MS1252" CONSECDELIMITERSASONE ="NO" DELIMITED ="YES" DELIMITERS ="|" ESCAPE_CHARACTER ="" KEEPESCAPECHAR ="NO" LINESEQUENTIAL ="NO" MULTIDELIMITERSASAND ="NO" NULLCHARTYPE ="ASCII" NULL_CHARACTER ="*" PADBYTES ="1" QUOTE_CHARACTER ="NONE" REPEATABLE ="NO" ROWDELIMITER ="0" SKIPROWS ="0" STRIPTRAILINGBLANKS ="NO"/>
        <TARGETFIELD BUSINESSNAME ="" DATATYPE ="int" DESCRIPTION ="" FIELDNUMBER ="1" KEYTYPE ="NOT A KEY" NAME ="employee_id" NULLABLE ="NULL" PICTURETEXT ="" PRECISION ="10" SCALE ="0"/>
        <TARGETFIELD BUSINESSNAME ="" DATATYPE ="string" DESCRIPTION ="" FIELDNUMBER ="2" KEYTYPE ="NOT A KEY" NAME ="first_name" NULLABLE ="NULL" PICTURETEXT ="" PRECISION ="20" SCALE ="0"/>
        <TARGETFIELD BUSINESSNAME ="" DATATYPE ="string" DESCRIPTION ="" FIELDNUMBER ="3" KEYTYPE ="NOT A KEY" NAME ="last_name" NULLABLE ="NULL" PICTURETEXT ="" PRECISION ="25" SCALE ="0"/>
        <TARGETFIELD BUSINESSNAME ="" DATATYPE ="string" DESCRIPTION ="" FIELDNUMBER ="4" KEYTYPE ="NOT A KEY" NAME ="email" NULLABLE ="NULL" PICTURETEXT ="" PRECISION ="100" SCALE ="0"/>
        <TARGETFIELD BUSINESSNAME ="" DATATYPE ="string" DESCRIPTION ="" FIELDNUMBER ="5" KEYTYPE ="NOT A KEY" NAME ="phone_number" NULLABLE ="NULL" PICTURETEXT ="" PRECISION ="20" SCALE ="0"/>
        <TARGETFIELD BUSINESSNAME ="" DATATYPE ="nstring" DESCRIPTION ="" FIELDNUMBER ="6" KEYTYPE ="NOT A KEY" NAME ="hire_date" NULLABLE ="NULL" PICTURETEXT ="" PRECISION ="10" SCALE ="0"/>
        <TARGETFIELD BUSINESSNAME ="" DATATYPE ="int" DESCRIPTION ="" FIELDNUMBER ="7" KEYTYPE ="NOT A KEY" NAME ="job_id" NULLABLE ="NULL" PICTURETEXT ="" PRECISION ="10" SCALE ="0"/>
        <TARGETFIELD BUSINESSNAME ="" DATATYPE ="number" DESCRIPTION ="" FIELDNUMBER ="8" KEYTYPE ="NOT A KEY" NAME ="salary" NULLABLE ="NULL" PICTURETEXT ="" PRECISION ="8" SCALE ="2"/>
        <TARGETFIELD BUSINESSNAME ="" DATATYPE ="int" DESCRIPTION ="" FIELDNUMBER ="9" KEYTYPE ="NOT A KEY" NAME ="manager_id" NULLABLE ="NULL" PICTURETEXT ="" PRECISION ="10" SCALE ="0"/>
        <TARGETFIELD BUSINESSNAME ="" DATATYPE ="int" DESCRIPTION ="" FIELDNUMBER ="10" KEYTYPE ="NOT A KEY" NAME ="department_id" NULLABLE ="NULL" PICTURETEXT ="" PRECISION ="10" SCALE ="0"/>
        <TABLEATTRIBUTE NAME ="Datetime Format" VALUE ="A  19 mm/dd/yyyy hh24:mi:ss"/>
        <TABLEATTRIBUTE NAME ="Thousand Separator" VALUE ="None"/>
        <TABLEATTRIBUTE NAME ="Decimal Separator" VALUE ="."/>
        <TABLEATTRIBUTE NAME ="Line Endings" VALUE ="System default"/>
    </TARGET>
    <TARGET BUSINESSNAME ="" CONSTRAINT ="" DATABASETYPE ="Flat File" DESCRIPTION ="" NAME ="tgt_ff_mg_id_102" OBJECTVERSION ="1" TABLEOPTIONS ="" VERSIONNUMBER ="1">
        <FLATFILE CODEPAGE ="MS1252" CONSECDELIMITERSASONE ="NO" DELIMITED ="YES" DELIMITERS ="|" ESCAPE_CHARACTER ="" KEEPESCAPECHAR ="NO" LINESEQUENTIAL ="NO" MULTIDELIMITERSASAND ="NO" NULLCHARTYPE ="ASCII" NULL_CHARACTER ="*" PADBYTES ="1" QUOTE_CHARACTER ="NONE" REPEATABLE ="NO" ROWDELIMITER ="0" SKIPROWS ="0" STRIPTRAILINGBLANKS ="NO"/>
        <TARGETFIELD BUSINESSNAME ="" DATATYPE ="int" DESCRIPTION ="" FIELDNUMBER ="1" KEYTYPE ="NOT A KEY" NAME ="employee_id" NULLABLE ="NULL" PICTURETEXT ="" PRECISION ="10" SCALE ="0"/>
        <TARGETFIELD BUSINESSNAME ="" DATATYPE ="string" DESCRIPTION ="" FIELDNUMBER ="2" KEYTYPE ="NOT A KEY" NAME ="first_name" NULLABLE ="NULL" PICTURETEXT ="" PRECISION ="20" SCALE ="0"/>
        <TARGETFIELD BUSINESSNAME ="" DATATYPE ="string" DESCRIPTION ="" FIELDNUMBER ="3" KEYTYPE ="NOT A KEY" NAME ="last_name" NULLABLE ="NULL" PICTURETEXT ="" PRECISION ="25" SCALE ="0"/>
        <TARGETFIELD BUSINESSNAME ="" DATATYPE ="string" DESCRIPTION ="" FIELDNUMBER ="4" KEYTYPE ="NOT A KEY" NAME ="email" NULLABLE ="NULL" PICTURETEXT ="" PRECISION ="100" SCALE ="0"/>
        <TARGETFIELD BUSINESSNAME ="" DATATYPE ="string" DESCRIPTION ="" FIELDNUMBER ="5" KEYTYPE ="NOT A KEY" NAME ="phone_number" NULLABLE ="NULL" PICTURETEXT ="" PRECISION ="20" SCALE ="0"/>
        <TARGETFIELD BUSINESSNAME ="" DATATYPE ="nstring" DESCRIPTION ="" FIELDNUMBER ="6" KEYTYPE ="NOT A KEY" NAME ="hire_date" NULLABLE ="NULL" PICTURETEXT ="" PRECISION ="10" SCALE ="0"/>
        <TARGETFIELD BUSINESSNAME ="" DATATYPE ="int" DESCRIPTION ="" FIELDNUMBER ="7" KEYTYPE ="NOT A KEY" NAME ="job_id" NULLABLE ="NULL" PICTURETEXT ="" PRECISION ="10" SCALE ="0"/>
        <TARGETFIELD BUSINESSNAME ="" DATATYPE ="number" DESCRIPTION ="" FIELDNUMBER ="8" KEYTYPE ="NOT A KEY" NAME ="salary" NULLABLE ="NULL" PICTURETEXT ="" PRECISION ="8" SCALE ="2"/>
        <TARGETFIELD BUSINESSNAME ="" DATATYPE ="int" DESCRIPTION ="" FIELDNUMBER ="9" KEYTYPE ="NOT A KEY" NAME ="manager_id" NULLABLE ="NULL" PICTURETEXT ="" PRECISION ="10" SCALE ="0"/>
        <TARGETFIELD BUSINESSNAME ="" DATATYPE ="int" DESCRIPTION ="" FIELDNUMBER ="10" KEYTYPE ="NOT A KEY" NAME ="department_id" NULLABLE ="NULL" PICTURETEXT ="" PRECISION ="10" SCALE ="0"/>
        <TABLEATTRIBUTE NAME ="Datetime Format" VALUE ="A  19 mm/dd/yyyy hh24:mi:ss"/>
        <TABLEATTRIBUTE NAME ="Thousand Separator" VALUE ="None"/>
        <TABLEATTRIBUTE NAME ="Decimal Separator" VALUE ="."/>
        <TABLEATTRIBUTE NAME ="Line Endings" VALUE ="System default"/>
    </TARGET>
    <TARGET BUSINESSNAME ="" CONSTRAINT ="" DATABASETYPE ="Flat File" DESCRIPTION ="" NAME ="tgt_ff_mg_id_101" OBJECTVERSION ="1" TABLEOPTIONS ="" VERSIONNUMBER ="1">
        <FLATFILE CODEPAGE ="MS1252" CONSECDELIMITERSASONE ="NO" DELIMITED ="YES" DELIMITERS ="|" ESCAPE_CHARACTER ="" KEEPESCAPECHAR ="NO" LINESEQUENTIAL ="NO" MULTIDELIMITERSASAND ="NO" NULLCHARTYPE ="ASCII" NULL_CHARACTER ="*" PADBYTES ="1" QUOTE_CHARACTER ="NONE" REPEATABLE ="NO" ROWDELIMITER ="0" SKIPROWS ="0" STRIPTRAILINGBLANKS ="NO"/>
        <TARGETFIELD BUSINESSNAME ="" DATATYPE ="int" DESCRIPTION ="" FIELDNUMBER ="1" KEYTYPE ="NOT A KEY" NAME ="employee_id" NULLABLE ="NULL" PICTURETEXT ="" PRECISION ="10" SCALE ="0"/>
        <TARGETFIELD BUSINESSNAME ="" DATATYPE ="string" DESCRIPTION ="" FIELDNUMBER ="2" KEYTYPE ="NOT A KEY" NAME ="first_name" NULLABLE ="NULL" PICTURETEXT ="" PRECISION ="20" SCALE ="0"/>
        <TARGETFIELD BUSINESSNAME ="" DATATYPE ="string" DESCRIPTION ="" FIELDNUMBER ="3" KEYTYPE ="NOT A KEY" NAME ="last_name" NULLABLE ="NULL" PICTURETEXT ="" PRECISION ="25" SCALE ="0"/>
        <TARGETFIELD BUSINESSNAME ="" DATATYPE ="string" DESCRIPTION ="" FIELDNUMBER ="4" KEYTYPE ="NOT A KEY" NAME ="email" NULLABLE ="NULL" PICTURETEXT ="" PRECISION ="100" SCALE ="0"/>
        <TARGETFIELD BUSINESSNAME ="" DATATYPE ="string" DESCRIPTION ="" FIELDNUMBER ="5" KEYTYPE ="NOT A KEY" NAME ="phone_number" NULLABLE ="NULL" PICTURETEXT ="" PRECISION ="20" SCALE ="0"/>
        <TARGETFIELD BUSINESSNAME ="" DATATYPE ="nstring" DESCRIPTION ="" FIELDNUMBER ="6" KEYTYPE ="NOT A KEY" NAME ="hire_date" NULLABLE ="NULL" PICTURETEXT ="" PRECISION ="10" SCALE ="0"/>
        <TARGETFIELD BUSINESSNAME ="" DATATYPE ="int" DESCRIPTION ="" FIELDNUMBER ="7" KEYTYPE ="NOT A KEY" NAME ="job_id" NULLABLE ="NULL" PICTURETEXT ="" PRECISION ="10" SCALE ="0"/>
        <TARGETFIELD BUSINESSNAME ="" DATATYPE ="number" DESCRIPTION ="" FIELDNUMBER ="8" KEYTYPE ="NOT A KEY" NAME ="salary" NULLABLE ="NULL" PICTURETEXT ="" PRECISION ="8" SCALE ="2"/>
        <TARGETFIELD BUSINESSNAME ="" DATATYPE ="int" DESCRIPTION ="" FIELDNUMBER ="9" KEYTYPE ="NOT A KEY" NAME ="manager_id" NULLABLE ="NULL" PICTURETEXT ="" PRECISION ="10" SCALE ="0"/>
        <TARGETFIELD BUSINESSNAME ="" DATATYPE ="int" DESCRIPTION ="" FIELDNUMBER ="10" KEYTYPE ="NOT A KEY" NAME ="department_id" NULLABLE ="NULL" PICTURETEXT ="" PRECISION ="10" SCALE ="0"/>
        <TABLEATTRIBUTE NAME ="Datetime Format" VALUE ="A  19 mm/dd/yyyy hh24:mi:ss"/>
        <TABLEATTRIBUTE NAME ="Thousand Separator" VALUE ="None"/>
        <TABLEATTRIBUTE NAME ="Decimal Separator" VALUE ="."/>
        <TABLEATTRIBUTE NAME ="Line Endings" VALUE ="System default"/>
    </TARGET>
    <MAPPING DESCRIPTION ="" ISVALID ="YES" NAME ="m_mg_id_101_102_103" OBJECTVERSION ="1" VERSIONNUMBER ="1">
        <TRANSFORMATION DESCRIPTION ="" NAME ="SQ_employees" OBJECTVERSION ="1" REUSABLE ="NO" TYPE ="Source Qualifier" VERSIONNUMBER ="1">
            <TRANSFORMFIELD DATATYPE ="integer" DEFAULTVALUE ="" DESCRIPTION ="" NAME ="employee_id" PICTURETEXT ="" PORTTYPE ="INPUT/OUTPUT" PRECISION ="10" SCALE ="0"/>
            <TRANSFORMFIELD DATATYPE ="string" DEFAULTVALUE ="" DESCRIPTION ="" NAME ="first_name" PICTURETEXT ="" PORTTYPE ="INPUT/OUTPUT" PRECISION ="20" SCALE ="0"/>
            <TRANSFORMFIELD DATATYPE ="string" DEFAULTVALUE ="" DESCRIPTION ="" NAME ="last_name" PICTURETEXT ="" PORTTYPE ="INPUT/OUTPUT" PRECISION ="25" SCALE ="0"/>
            <TRANSFORMFIELD DATATYPE ="string" DEFAULTVALUE ="" DESCRIPTION ="" NAME ="email" PICTURETEXT ="" PORTTYPE ="INPUT/OUTPUT" PRECISION ="100" SCALE ="0"/>
            <TRANSFORMFIELD DATATYPE ="string" DEFAULTVALUE ="" DESCRIPTION ="" NAME ="phone_number" PICTURETEXT ="" PORTTYPE ="INPUT/OUTPUT" PRECISION ="20" SCALE ="0"/>
            <TRANSFORMFIELD DATATYPE ="nstring" DEFAULTVALUE ="" DESCRIPTION ="" NAME ="hire_date" PICTURETEXT ="" PORTTYPE ="INPUT/OUTPUT" PRECISION ="10" SCALE ="0"/>
            <TRANSFORMFIELD DATATYPE ="integer" DEFAULTVALUE ="" DESCRIPTION ="" NAME ="job_id" PICTURETEXT ="" PORTTYPE ="INPUT/OUTPUT" PRECISION ="10" SCALE ="0"/>
            <TRANSFORMFIELD DATATYPE ="decimal" DEFAULTVALUE ="" DESCRIPTION ="" NAME ="salary" PICTURETEXT ="" PORTTYPE ="INPUT/OUTPUT" PRECISION ="8" SCALE ="2"/>
            <TRANSFORMFIELD DATATYPE ="integer" DEFAULTVALUE ="" DESCRIPTION ="" NAME ="manager_id" PICTURETEXT ="" PORTTYPE ="INPUT/OUTPUT" PRECISION ="10" SCALE ="0"/>
            <TRANSFORMFIELD DATATYPE ="integer" DEFAULTVALUE ="" DESCRIPTION ="" NAME ="department_id" PICTURETEXT ="" PORTTYPE ="INPUT/OUTPUT" PRECISION ="10" SCALE ="0"/>
            <TABLEATTRIBUTE NAME ="Sql Query" VALUE =""/>
            <TABLEATTRIBUTE NAME ="User Defined Join" VALUE =""/>
            <TABLEATTRIBUTE NAME ="Source Filter" VALUE =""/>
            <TABLEATTRIBUTE NAME ="Number Of Sorted Ports" VALUE ="0"/>
            <TABLEATTRIBUTE NAME ="Tracing Level" VALUE ="Normal"/>
            <TABLEATTRIBUTE NAME ="Select Distinct" VALUE ="NO"/>
            <TABLEATTRIBUTE NAME ="Is Partitionable" VALUE ="NO"/>
            <TABLEATTRIBUTE NAME ="Pre SQL" VALUE =""/>
            <TABLEATTRIBUTE NAME ="Post SQL" VALUE =""/>
            <TABLEATTRIBUTE NAME ="Output is deterministic" VALUE ="NO"/>
            <TABLEATTRIBUTE NAME ="Output is repeatable" VALUE ="Never"/>
        </TRANSFORMATION>
        <TRANSFORMATION DESCRIPTION ="" NAME ="flt_mg_id_101" OBJECTVERSION ="1" REUSABLE ="NO" TYPE ="Filter" VERSIONNUMBER ="1">
            <TRANSFORMFIELD DATATYPE ="integer" DEFAULTVALUE ="" DESCRIPTION ="" NAME ="employee_id" PICTURETEXT ="" PORTTYPE ="INPUT/OUTPUT" PRECISION ="10" SCALE ="0"/>
            <TRANSFORMFIELD DATATYPE ="string" DEFAULTVALUE ="" DESCRIPTION ="" NAME ="first_name" PICTURETEXT ="" PORTTYPE ="INPUT/OUTPUT" PRECISION ="20" SCALE ="0"/>
            <TRANSFORMFIELD DATATYPE ="string" DEFAULTVALUE ="" DESCRIPTION ="" NAME ="last_name" PICTURETEXT ="" PORTTYPE ="INPUT/OUTPUT" PRECISION ="25" SCALE ="0"/>
            <TRANSFORMFIELD DATATYPE ="string" DEFAULTVALUE ="" DESCRIPTION ="" NAME ="email" PICTURETEXT ="" PORTTYPE ="INPUT/OUTPUT" PRECISION ="100" SCALE ="0"/>
            <TRANSFORMFIELD DATATYPE ="string" DEFAULTVALUE ="" DESCRIPTION ="" NAME ="phone_number" PICTURETEXT ="" PORTTYPE ="INPUT/OUTPUT" PRECISION ="20" SCALE ="0"/>
            <TRANSFORMFIELD DATATYPE ="nstring" DEFAULTVALUE ="" DESCRIPTION ="" NAME ="hire_date" PICTURETEXT ="" PORTTYPE ="INPUT/OUTPUT" PRECISION ="10" SCALE ="0"/>
            <TRANSFORMFIELD DATATYPE ="integer" DEFAULTVALUE ="" DESCRIPTION ="" NAME ="job_id" PICTURETEXT ="" PORTTYPE ="INPUT/OUTPUT" PRECISION ="10" SCALE ="0"/>
            <TRANSFORMFIELD DATATYPE ="decimal" DEFAULTVALUE ="" DESCRIPTION ="" NAME ="salary" PICTURETEXT ="" PORTTYPE ="INPUT/OUTPUT" PRECISION ="8" SCALE ="2"/>
            <TRANSFORMFIELD DATATYPE ="integer" DEFAULTVALUE ="" DESCRIPTION ="" NAME ="manager_id" PICTURETEXT ="" PORTTYPE ="INPUT/OUTPUT" PRECISION ="10" SCALE ="0"/>
            <TRANSFORMFIELD DATATYPE ="integer" DEFAULTVALUE ="" DESCRIPTION ="" NAME ="department_id" PICTURETEXT ="" PORTTYPE ="INPUT/OUTPUT" PRECISION ="10" SCALE ="0"/>
            <TABLEATTRIBUTE NAME ="Filter Condition" VALUE ="manager_id=101"/>
            <TABLEATTRIBUTE NAME ="Tracing Level" VALUE ="Normal"/>
        </TRANSFORMATION>
        <TRANSFORMATION DESCRIPTION ="" NAME ="flt_mg_id_102" OBJECTVERSION ="1" REUSABLE ="NO" TYPE ="Filter" VERSIONNUMBER ="1">
            <TRANSFORMFIELD DATATYPE ="integer" DEFAULTVALUE ="" DESCRIPTION ="" NAME ="employee_id" PICTURETEXT ="" PORTTYPE ="INPUT/OUTPUT" PRECISION ="10" SCALE ="0"/>
            <TRANSFORMFIELD DATATYPE ="string" DEFAULTVALUE ="" DESCRIPTION ="" NAME ="first_name" PICTURETEXT ="" PORTTYPE ="INPUT/OUTPUT" PRECISION ="20" SCALE ="0"/>
            <TRANSFORMFIELD DATATYPE ="string" DEFAULTVALUE ="" DESCRIPTION ="" NAME ="last_name" PICTURETEXT ="" PORTTYPE ="INPUT/OUTPUT" PRECISION ="25" SCALE ="0"/>
            <TRANSFORMFIELD DATATYPE ="string" DEFAULTVALUE ="" DESCRIPTION ="" NAME ="email" PICTURETEXT ="" PORTTYPE ="INPUT/OUTPUT" PRECISION ="100" SCALE ="0"/>
            <TRANSFORMFIELD DATATYPE ="string" DEFAULTVALUE ="" DESCRIPTION ="" NAME ="phone_number" PICTURETEXT ="" PORTTYPE ="INPUT/OUTPUT" PRECISION ="20" SCALE ="0"/>
            <TRANSFORMFIELD DATATYPE ="nstring" DEFAULTVALUE ="" DESCRIPTION ="" NAME ="hire_date" PICTURETEXT ="" PORTTYPE ="INPUT/OUTPUT" PRECISION ="10" SCALE ="0"/>
            <TRANSFORMFIELD DATATYPE ="integer" DEFAULTVALUE ="" DESCRIPTION ="" NAME ="job_id" PICTURETEXT ="" PORTTYPE ="INPUT/OUTPUT" PRECISION ="10" SCALE ="0"/>
            <TRANSFORMFIELD DATATYPE ="decimal" DEFAULTVALUE ="" DESCRIPTION ="" NAME ="salary" PICTURETEXT ="" PORTTYPE ="INPUT/OUTPUT" PRECISION ="8" SCALE ="2"/>
            <TRANSFORMFIELD DATATYPE ="integer" DEFAULTVALUE ="" DESCRIPTION ="" NAME ="manager_id" PICTURETEXT ="" PORTTYPE ="INPUT/OUTPUT" PRECISION ="10" SCALE ="0"/>
            <TRANSFORMFIELD DATATYPE ="integer" DEFAULTVALUE ="" DESCRIPTION ="" NAME ="department_id" PICTURETEXT ="" PORTTYPE ="INPUT/OUTPUT" PRECISION ="10" SCALE ="0"/>
            <TABLEATTRIBUTE NAME ="Filter Condition" VALUE ="manager_id=102"/>
            <TABLEATTRIBUTE NAME ="Tracing Level" VALUE ="Normal"/>
        </TRANSFORMATION>
        <TRANSFORMATION DESCRIPTION ="" NAME ="flt_mg_id_103" OBJECTVERSION ="1" REUSABLE ="NO" TYPE ="Filter" VERSIONNUMBER ="1">
            <TRANSFORMFIELD DATATYPE ="integer" DEFAULTVALUE ="" DESCRIPTION ="" NAME ="employee_id" PICTURETEXT ="" PORTTYPE ="INPUT/OUTPUT" PRECISION ="10" SCALE ="0"/>
            <TRANSFORMFIELD DATATYPE ="string" DEFAULTVALUE ="" DESCRIPTION ="" NAME ="first_name" PICTURETEXT ="" PORTTYPE ="INPUT/OUTPUT" PRECISION ="20" SCALE ="0"/>
            <TRANSFORMFIELD DATATYPE ="string" DEFAULTVALUE ="" DESCRIPTION ="" NAME ="last_name" PICTURETEXT ="" PORTTYPE ="INPUT/OUTPUT" PRECISION ="25" SCALE ="0"/>
            <TRANSFORMFIELD DATATYPE ="string" DEFAULTVALUE ="" DESCRIPTION ="" NAME ="email" PICTURETEXT ="" PORTTYPE ="INPUT/OUTPUT" PRECISION ="100" SCALE ="0"/>
            <TRANSFORMFIELD DATATYPE ="string" DEFAULTVALUE ="" DESCRIPTION ="" NAME ="phone_number" PICTURETEXT ="" PORTTYPE ="INPUT/OUTPUT" PRECISION ="20" SCALE ="0"/>
            <TRANSFORMFIELD DATATYPE ="nstring" DEFAULTVALUE ="" DESCRIPTION ="" NAME ="hire_date" PICTURETEXT ="" PORTTYPE ="INPUT/OUTPUT" PRECISION ="10" SCALE ="0"/>
            <TRANSFORMFIELD DATATYPE ="integer" DEFAULTVALUE ="" DESCRIPTION ="" NAME ="job_id" PICTURETEXT ="" PORTTYPE ="INPUT/OUTPUT" PRECISION ="10" SCALE ="0"/>
            <TRANSFORMFIELD DATATYPE ="decimal" DEFAULTVALUE ="" DESCRIPTION ="" NAME ="salary" PICTURETEXT ="" PORTTYPE ="INPUT/OUTPUT" PRECISION ="8" SCALE ="2"/>
            <TRANSFORMFIELD DATATYPE ="integer" DEFAULTVALUE ="" DESCRIPTION ="" NAME ="manager_id" PICTURETEXT ="" PORTTYPE ="INPUT/OUTPUT" PRECISION ="10" SCALE ="0"/>
            <TRANSFORMFIELD DATATYPE ="integer" DEFAULTVALUE ="" DESCRIPTION ="" NAME ="department_id" PICTURETEXT ="" PORTTYPE ="INPUT/OUTPUT" PRECISION ="10" SCALE ="0"/>
            <TABLEATTRIBUTE NAME ="Filter Condition" VALUE ="manager_id=103"/>
            <TABLEATTRIBUTE NAME ="Tracing Level" VALUE ="Normal"/>
        </TRANSFORMATION>
        <INSTANCE DBDNAME ="inf_ss_hr" DESCRIPTION ="" NAME ="employees" TRANSFORMATION_NAME ="employees" TRANSFORMATION_TYPE ="Source Definition" TYPE ="SOURCE"/>
        <INSTANCE DESCRIPTION ="" NAME ="SQ_employees" REUSABLE ="NO" TRANSFORMATION_NAME ="SQ_employees" TRANSFORMATION_TYPE ="Source Qualifier" TYPE ="TRANSFORMATION">
            <ASSOCIATED_SOURCE_INSTANCE NAME ="employees"/>
        </INSTANCE>
        <INSTANCE DESCRIPTION ="" NAME ="flt_mg_id_101" REUSABLE ="NO" TRANSFORMATION_NAME ="flt_mg_id_101" TRANSFORMATION_TYPE ="Filter" TYPE ="TRANSFORMATION"/>
        <INSTANCE DESCRIPTION ="" NAME ="flt_mg_id_102" REUSABLE ="NO" TRANSFORMATION_NAME ="flt_mg_id_102" TRANSFORMATION_TYPE ="Filter" TYPE ="TRANSFORMATION"/>
        <INSTANCE DESCRIPTION ="" NAME ="flt_mg_id_103" REUSABLE ="NO" TRANSFORMATION_NAME ="flt_mg_id_103" TRANSFORMATION_TYPE ="Filter" TYPE ="TRANSFORMATION"/>
        <INSTANCE DESCRIPTION ="" NAME ="tgt_ff_mg_id_101" TRANSFORMATION_NAME ="tgt_ff_mg_id_101" TRANSFORMATION_TYPE ="Target Definition" TYPE ="TARGET"/>
        <INSTANCE DESCRIPTION ="" NAME ="tgt_ff_mg_id_102" TRANSFORMATION_NAME ="tgt_ff_mg_id_102" TRANSFORMATION_TYPE ="Target Definition" TYPE ="TARGET"/>
        <INSTANCE DESCRIPTION ="" NAME ="tgt_ff_mg_id_103" TRANSFORMATION_NAME ="tgt_ff_mg_id_103" TRANSFORMATION_TYPE ="Target Definition" TYPE ="TARGET"/>
        <CONNECTOR FROMFIELD ="employee_id" FROMINSTANCE ="employees" FROMINSTANCETYPE ="Source Definition" TOFIELD ="employee_id" TOINSTANCE ="SQ_employees" TOINSTANCETYPE ="Source Qualifier"/>
        <CONNECTOR FROMFIELD ="first_name" FROMINSTANCE ="employees" FROMINSTANCETYPE ="Source Definition" TOFIELD ="first_name" TOINSTANCE ="SQ_employees" TOINSTANCETYPE ="Source Qualifier"/>
        <CONNECTOR FROMFIELD ="last_name" FROMINSTANCE ="employees" FROMINSTANCETYPE ="Source Definition" TOFIELD ="last_name" TOINSTANCE ="SQ_employees" TOINSTANCETYPE ="Source Qualifier"/>
        <CONNECTOR FROMFIELD ="email" FROMINSTANCE ="employees" FROMINSTANCETYPE ="Source Definition" TOFIELD ="email" TOINSTANCE ="SQ_employees" TOINSTANCETYPE ="Source Qualifier"/>
        <CONNECTOR FROMFIELD ="phone_number" FROMINSTANCE ="employees" FROMINSTANCETYPE ="Source Definition" TOFIELD ="phone_number" TOINSTANCE ="SQ_employees" TOINSTANCETYPE ="Source Qualifier"/>
        <CONNECTOR FROMFIELD ="hire_date" FROMINSTANCE ="employees" FROMINSTANCETYPE ="Source Definition" TOFIELD ="hire_date" TOINSTANCE ="SQ_employees" TOINSTANCETYPE ="Source Qualifier"/>
        <CONNECTOR FROMFIELD ="job_id" FROMINSTANCE ="employees" FROMINSTANCETYPE ="Source Definition" TOFIELD ="job_id" TOINSTANCE ="SQ_employees" TOINSTANCETYPE ="Source Qualifier"/>
        <CONNECTOR FROMFIELD ="salary" FROMINSTANCE ="employees" FROMINSTANCETYPE ="Source Definition" TOFIELD ="salary" TOINSTANCE ="SQ_employees" TOINSTANCETYPE ="Source Qualifier"/>
        <CONNECTOR FROMFIELD ="manager_id" FROMINSTANCE ="employees" FROMINSTANCETYPE ="Source Definition" TOFIELD ="manager_id" TOINSTANCE ="SQ_employees" TOINSTANCETYPE ="Source Qualifier"/>
        <CONNECTOR FROMFIELD ="department_id" FROMINSTANCE ="employees" FROMINSTANCETYPE ="Source Definition" TOFIELD ="department_id" TOINSTANCE ="SQ_employees" TOINSTANCETYPE ="Source Qualifier"/>
        <CONNECTOR FROMFIELD ="employee_id" FROMINSTANCE ="SQ_employees" FROMINSTANCETYPE ="Source Qualifier" TOFIELD ="employee_id" TOINSTANCE ="flt_mg_id_101" TOINSTANCETYPE ="Filter"/>
        <CONNECTOR FROMFIELD ="first_name" FROMINSTANCE ="SQ_employees" FROMINSTANCETYPE ="Source Qualifier" TOFIELD ="first_name" TOINSTANCE ="flt_mg_id_101" TOINSTANCETYPE ="Filter"/>
        <CONNECTOR FROMFIELD ="last_name" FROMINSTANCE ="SQ_employees" FROMINSTANCETYPE ="Source Qualifier" TOFIELD ="last_name" TOINSTANCE ="flt_mg_id_101" TOINSTANCETYPE ="Filter"/>
        <CONNECTOR FROMFIELD ="email" FROMINSTANCE ="SQ_employees" FROMINSTANCETYPE ="Source Qualifier" TOFIELD ="email" TOINSTANCE ="flt_mg_id_101" TOINSTANCETYPE ="Filter"/>
        <CONNECTOR FROMFIELD ="phone_number" FROMINSTANCE ="SQ_employees" FROMINSTANCETYPE ="Source Qualifier" TOFIELD ="phone_number" TOINSTANCE ="flt_mg_id_101" TOINSTANCETYPE ="Filter"/>
        <CONNECTOR FROMFIELD ="hire_date" FROMINSTANCE ="SQ_employees" FROMINSTANCETYPE ="Source Qualifier" TOFIELD ="hire_date" TOINSTANCE ="flt_mg_id_101" TOINSTANCETYPE ="Filter"/>
        <CONNECTOR FROMFIELD ="job_id" FROMINSTANCE ="SQ_employees" FROMINSTANCETYPE ="Source Qualifier" TOFIELD ="job_id" TOINSTANCE ="flt_mg_id_101" TOINSTANCETYPE ="Filter"/>
        <CONNECTOR FROMFIELD ="salary" FROMINSTANCE ="SQ_employees" FROMINSTANCETYPE ="Source Qualifier" TOFIELD ="salary" TOINSTANCE ="flt_mg_id_101" TOINSTANCETYPE ="Filter"/>
        <CONNECTOR FROMFIELD ="manager_id" FROMINSTANCE ="SQ_employees" FROMINSTANCETYPE ="Source Qualifier" TOFIELD ="manager_id" TOINSTANCE ="flt_mg_id_101" TOINSTANCETYPE ="Filter"/>
        <CONNECTOR FROMFIELD ="department_id" FROMINSTANCE ="SQ_employees" FROMINSTANCETYPE ="Source Qualifier" TOFIELD ="department_id" TOINSTANCE ="flt_mg_id_101" TOINSTANCETYPE ="Filter"/>
        <CONNECTOR FROMFIELD ="employee_id" FROMINSTANCE ="SQ_employees" FROMINSTANCETYPE ="Source Qualifier" TOFIELD ="employee_id" TOINSTANCE ="flt_mg_id_102" TOINSTANCETYPE ="Filter"/>
        <CONNECTOR FROMFIELD ="first_name" FROMINSTANCE ="SQ_employees" FROMINSTANCETYPE ="Source Qualifier" TOFIELD ="first_name" TOINSTANCE ="flt_mg_id_102" TOINSTANCETYPE ="Filter"/>
        <CONNECTOR FROMFIELD ="last_name" FROMINSTANCE ="SQ_employees" FROMINSTANCETYPE ="Source Qualifier" TOFIELD ="last_name" TOINSTANCE ="flt_mg_id_102" TOINSTANCETYPE ="Filter"/>
        <CONNECTOR FROMFIELD ="email" FROMINSTANCE ="SQ_employees" FROMINSTANCETYPE ="Source Qualifier" TOFIELD ="email" TOINSTANCE ="flt_mg_id_102" TOINSTANCETYPE ="Filter"/>
        <CONNECTOR FROMFIELD ="phone_number" FROMINSTANCE ="SQ_employees" FROMINSTANCETYPE ="Source Qualifier" TOFIELD ="phone_number" TOINSTANCE ="flt_mg_id_102" TOINSTANCETYPE ="Filter"/>
        <CONNECTOR FROMFIELD ="hire_date" FROMINSTANCE ="SQ_employees" FROMINSTANCETYPE ="Source Qualifier" TOFIELD ="hire_date" TOINSTANCE ="flt_mg_id_102" TOINSTANCETYPE ="Filter"/>
        <CONNECTOR FROMFIELD ="job_id" FROMINSTANCE ="SQ_employees" FROMINSTANCETYPE ="Source Qualifier" TOFIELD ="job_id" TOINSTANCE ="flt_mg_id_102" TOINSTANCETYPE ="Filter"/>
        <CONNECTOR FROMFIELD ="salary" FROMINSTANCE ="SQ_employees" FROMINSTANCETYPE ="Source Qualifier" TOFIELD ="salary" TOINSTANCE ="flt_mg_id_102" TOINSTANCETYPE ="Filter"/>
        <CONNECTOR FROMFIELD ="manager_id" FROMINSTANCE ="SQ_employees" FROMINSTANCETYPE ="Source Qualifier" TOFIELD ="manager_id" TOINSTANCE ="flt_mg_id_102" TOINSTANCETYPE ="Filter"/>
        <CONNECTOR FROMFIELD ="department_id" FROMINSTANCE ="SQ_employees" FROMINSTANCETYPE ="Source Qualifier" TOFIELD ="department_id" TOINSTANCE ="flt_mg_id_102" TOINSTANCETYPE ="Filter"/>
        <CONNECTOR FROMFIELD ="employee_id" FROMINSTANCE ="SQ_employees" FROMINSTANCETYPE ="Source Qualifier" TOFIELD ="employee_id" TOINSTANCE ="flt_mg_id_103" TOINSTANCETYPE ="Filter"/>
        <CONNECTOR FROMFIELD ="first_name" FROMINSTANCE ="SQ_employees" FROMINSTANCETYPE ="Source Qualifier" TOFIELD ="first_name" TOINSTANCE ="flt_mg_id_103" TOINSTANCETYPE ="Filter"/>
        <CONNECTOR FROMFIELD ="last_name" FROMINSTANCE ="SQ_employees" FROMINSTANCETYPE ="Source Qualifier" TOFIELD ="last_name" TOINSTANCE ="flt_mg_id_103" TOINSTANCETYPE ="Filter"/>
        <CONNECTOR FROMFIELD ="email" FROMINSTANCE ="SQ_employees" FROMINSTANCETYPE ="Source Qualifier" TOFIELD ="email" TOINSTANCE ="flt_mg_id_103" TOINSTANCETYPE ="Filter"/>
        <CONNECTOR FROMFIELD ="phone_number" FROMINSTANCE ="SQ_employees" FROMINSTANCETYPE ="Source Qualifier" TOFIELD ="phone_number" TOINSTANCE ="flt_mg_id_103" TOINSTANCETYPE ="Filter"/>
        <CONNECTOR FROMFIELD ="hire_date" FROMINSTANCE ="SQ_employees" FROMINSTANCETYPE ="Source Qualifier" TOFIELD ="hire_date" TOINSTANCE ="flt_mg_id_103" TOINSTANCETYPE ="Filter"/>
        <CONNECTOR FROMFIELD ="job_id" FROMINSTANCE ="SQ_employees" FROMINSTANCETYPE ="Source Qualifier" TOFIELD ="job_id" TOINSTANCE ="flt_mg_id_103" TOINSTANCETYPE ="Filter"/>
        <CONNECTOR FROMFIELD ="salary" FROMINSTANCE ="SQ_employees" FROMINSTANCETYPE ="Source Qualifier" TOFIELD ="salary" TOINSTANCE ="flt_mg_id_103" TOINSTANCETYPE ="Filter"/>
        <CONNECTOR FROMFIELD ="manager_id" FROMINSTANCE ="SQ_employees" FROMINSTANCETYPE ="Source Qualifier" TOFIELD ="manager_id" TOINSTANCE ="flt_mg_id_103" TOINSTANCETYPE ="Filter"/>
        <CONNECTOR FROMFIELD ="department_id" FROMINSTANCE ="SQ_employees" FROMINSTANCETYPE ="Source Qualifier" TOFIELD ="department_id" TOINSTANCE ="flt_mg_id_103" TOINSTANCETYPE ="Filter"/>
        <CONNECTOR FROMFIELD ="employee_id" FROMINSTANCE ="flt_mg_id_101" FROMINSTANCETYPE ="Filter" TOFIELD ="employee_id" TOINSTANCE ="tgt_ff_mg_id_101" TOINSTANCETYPE ="Target Definition"/>
        <CONNECTOR FROMFIELD ="first_name" FROMINSTANCE ="flt_mg_id_101" FROMINSTANCETYPE ="Filter" TOFIELD ="first_name" TOINSTANCE ="tgt_ff_mg_id_101" TOINSTANCETYPE ="Target Definition"/>
        <CONNECTOR FROMFIELD ="last_name" FROMINSTANCE ="flt_mg_id_101" FROMINSTANCETYPE ="Filter" TOFIELD ="last_name" TOINSTANCE ="tgt_ff_mg_id_101" TOINSTANCETYPE ="Target Definition"/>
        <CONNECTOR FROMFIELD ="email" FROMINSTANCE ="flt_mg_id_101" FROMINSTANCETYPE ="Filter" TOFIELD ="email" TOINSTANCE ="tgt_ff_mg_id_101" TOINSTANCETYPE ="Target Definition"/>
        <CONNECTOR FROMFIELD ="phone_number" FROMINSTANCE ="flt_mg_id_101" FROMINSTANCETYPE ="Filter" TOFIELD ="phone_number" TOINSTANCE ="tgt_ff_mg_id_101" TOINSTANCETYPE ="Target Definition"/>
        <CONNECTOR FROMFIELD ="hire_date" FROMINSTANCE ="flt_mg_id_101" FROMINSTANCETYPE ="Filter" TOFIELD ="hire_date" TOINSTANCE ="tgt_ff_mg_id_101" TOINSTANCETYPE ="Target Definition"/>
        <CONNECTOR FROMFIELD ="job_id" FROMINSTANCE ="flt_mg_id_101" FROMINSTANCETYPE ="Filter" TOFIELD ="job_id" TOINSTANCE ="tgt_ff_mg_id_101" TOINSTANCETYPE ="Target Definition"/>
        <CONNECTOR FROMFIELD ="salary" FROMINSTANCE ="flt_mg_id_101" FROMINSTANCETYPE ="Filter" TOFIELD ="salary" TOINSTANCE ="tgt_ff_mg_id_101" TOINSTANCETYPE ="Target Definition"/>
        <CONNECTOR FROMFIELD ="manager_id" FROMINSTANCE ="flt_mg_id_101" FROMINSTANCETYPE ="Filter" TOFIELD ="manager_id" TOINSTANCE ="tgt_ff_mg_id_101" TOINSTANCETYPE ="Target Definition"/>
        <CONNECTOR FROMFIELD ="department_id" FROMINSTANCE ="flt_mg_id_101" FROMINSTANCETYPE ="Filter" TOFIELD ="department_id" TOINSTANCE ="tgt_ff_mg_id_101" TOINSTANCETYPE ="Target Definition"/>
        <CONNECTOR FROMFIELD ="employee_id" FROMINSTANCE ="flt_mg_id_102" FROMINSTANCETYPE ="Filter" TOFIELD ="employee_id" TOINSTANCE ="tgt_ff_mg_id_102" TOINSTANCETYPE ="Target Definition"/>
        <CONNECTOR FROMFIELD ="first_name" FROMINSTANCE ="flt_mg_id_102" FROMINSTANCETYPE ="Filter" TOFIELD ="first_name" TOINSTANCE ="tgt_ff_mg_id_102" TOINSTANCETYPE ="Target Definition"/>
        <CONNECTOR FROMFIELD ="last_name" FROMINSTANCE ="flt_mg_id_102" FROMINSTANCETYPE ="Filter" TOFIELD ="last_name" TOINSTANCE ="tgt_ff_mg_id_102" TOINSTANCETYPE ="Target Definition"/>
        <CONNECTOR FROMFIELD ="email" FROMINSTANCE ="flt_mg_id_102" FROMINSTANCETYPE ="Filter" TOFIELD ="email" TOINSTANCE ="tgt_ff_mg_id_102" TOINSTANCETYPE ="Target Definition"/>
        <CONNECTOR FROMFIELD ="phone_number" FROMINSTANCE ="flt_mg_id_102" FROMINSTANCETYPE ="Filter" TOFIELD ="phone_number" TOINSTANCE ="tgt_ff_mg_id_102" TOINSTANCETYPE ="Target Definition"/>
        <CONNECTOR FROMFIELD ="hire_date" FROMINSTANCE ="flt_mg_id_102" FROMINSTANCETYPE ="Filter" TOFIELD ="hire_date" TOINSTANCE ="tgt_ff_mg_id_102" TOINSTANCETYPE ="Target Definition"/>
        <CONNECTOR FROMFIELD ="job_id" FROMINSTANCE ="flt_mg_id_102" FROMINSTANCETYPE ="Filter" TOFIELD ="job_id" TOINSTANCE ="tgt_ff_mg_id_102" TOINSTANCETYPE ="Target Definition"/>
        <CONNECTOR FROMFIELD ="salary" FROMINSTANCE ="flt_mg_id_102" FROMINSTANCETYPE ="Filter" TOFIELD ="salary" TOINSTANCE ="tgt_ff_mg_id_102" TOINSTANCETYPE ="Target Definition"/>
        <CONNECTOR FROMFIELD ="manager_id" FROMINSTANCE ="flt_mg_id_102" FROMINSTANCETYPE ="Filter" TOFIELD ="manager_id" TOINSTANCE ="tgt_ff_mg_id_102" TOINSTANCETYPE ="Target Definition"/>
        <CONNECTOR FROMFIELD ="department_id" FROMINSTANCE ="flt_mg_id_102" FROMINSTANCETYPE ="Filter" TOFIELD ="department_id" TOINSTANCE ="tgt_ff_mg_id_102" TOINSTANCETYPE ="Target Definition"/>
        <CONNECTOR FROMFIELD ="employee_id" FROMINSTANCE ="flt_mg_id_103" FROMINSTANCETYPE ="Filter" TOFIELD ="employee_id" TOINSTANCE ="tgt_ff_mg_id_103" TOINSTANCETYPE ="Target Definition"/>
        <CONNECTOR FROMFIELD ="first_name" FROMINSTANCE ="flt_mg_id_103" FROMINSTANCETYPE ="Filter" TOFIELD ="first_name" TOINSTANCE ="tgt_ff_mg_id_103" TOINSTANCETYPE ="Target Definition"/>
        <CONNECTOR FROMFIELD ="last_name" FROMINSTANCE ="flt_mg_id_103" FROMINSTANCETYPE ="Filter" TOFIELD ="last_name" TOINSTANCE ="tgt_ff_mg_id_103" TOINSTANCETYPE ="Target Definition"/>
        <CONNECTOR FROMFIELD ="email" FROMINSTANCE ="flt_mg_id_103" FROMINSTANCETYPE ="Filter" TOFIELD ="email" TOINSTANCE ="tgt_ff_mg_id_103" TOINSTANCETYPE ="Target Definition"/>
        <CONNECTOR FROMFIELD ="phone_number" FROMINSTANCE ="flt_mg_id_103" FROMINSTANCETYPE ="Filter" TOFIELD ="phone_number" TOINSTANCE ="tgt_ff_mg_id_103" TOINSTANCETYPE ="Target Definition"/>
        <CONNECTOR FROMFIELD ="hire_date" FROMINSTANCE ="flt_mg_id_103" FROMINSTANCETYPE ="Filter" TOFIELD ="hire_date" TOINSTANCE ="tgt_ff_mg_id_103" TOINSTANCETYPE ="Target Definition"/>
        <CONNECTOR FROMFIELD ="job_id" FROMINSTANCE ="flt_mg_id_103" FROMINSTANCETYPE ="Filter" TOFIELD ="job_id" TOINSTANCE ="tgt_ff_mg_id_103" TOINSTANCETYPE ="Target Definition"/>
        <CONNECTOR FROMFIELD ="salary" FROMINSTANCE ="flt_mg_id_103" FROMINSTANCETYPE ="Filter" TOFIELD ="salary" TOINSTANCE ="tgt_ff_mg_id_103" TOINSTANCETYPE ="Target Definition"/>
        <CONNECTOR FROMFIELD ="manager_id" FROMINSTANCE ="flt_mg_id_103" FROMINSTANCETYPE ="Filter" TOFIELD ="manager_id" TOINSTANCE ="tgt_ff_mg_id_103" TOINSTANCETYPE ="Target Definition"/>
        <CONNECTOR FROMFIELD ="department_id" FROMINSTANCE ="flt_mg_id_103" FROMINSTANCETYPE ="Filter" TOFIELD ="department_id" TOINSTANCE ="tgt_ff_mg_id_103" TOINSTANCETYPE ="Target Definition"/>
        <TARGETLOADORDER ORDER ="1" TARGETINSTANCE ="tgt_ff_mg_id_101"/>
        <TARGETLOADORDER ORDER ="1" TARGETINSTANCE ="tgt_ff_mg_id_102"/>
        <TARGETLOADORDER ORDER ="1" TARGETINSTANCE ="tgt_ff_mg_id_103"/>
    </MAPPING>
</FOLDER>
</REPOSITORY>
</POWERMART>